date,transmission-rate,scaling-factor,week,matrix,testing
2020-01-16,0.086,1.0,3,base_wd.txt,0.0
2020-01-17,0.086,1.0,3,base_wd.txt,0.0
2020-01-18,0.086,1.0,3,base_wd.txt,0.0
2020-01-19,0.086,1.0,3,base_wd.txt,0.0
2020-01-20,0.086,1.0,4,base_wd.txt,0.0
2020-01-21,0.086,1.0,4,base_wd.txt,0.0
2020-01-22,0.086,1.0,4,base_wd.txt,0.0
2020-01-23,0.086,1.0,4,base_wd.txt,0.0
2020-01-24,0.086,1.0,4,base_wd.txt,0.0
2020-01-25,0.086,1.0,4,base_wd.txt,0.0
2020-01-26,0.086,1.0,4,base_wd.txt,0.0
2020-01-27,0.086,1.0,5,base_wd.txt,0.0
2020-01-28,0.086,1.0,5,base_wd.txt,0.0
2020-01-29,0.086,1.0,5,base_wd.txt,0.0
2020-01-30,0.086,1.0,5,base_wd.txt,0.0
2020-01-31,0.086,1.0,5,base_wd.txt,0.0
2020-02-01,0.086,1.0,5,base_wd.txt,0.0
2020-02-02,0.086,1.0,5,base_wd.txt,0.0
2020-02-03,0.086,1.0,6,base_wd.txt,0.0
2020-02-04,0.086,1.0,6,base_wd.txt,0.0
2020-02-05,0.086,1.0,6,base_wd.txt,0.0
2020-02-06,0.086,1.0,6,base_wd.txt,0.0
2020-02-07,0.086,1.0,6,base_wd.txt,0.0
2020-02-08,0.086,1.0,6,base_wd.txt,0.0
2020-02-09,0.086,1.0,6,base_wd.txt,0.0
2020-02-10,0.086,1.0,7,base_wd.txt,0.0
2020-02-11,0.086,1.0,7,base_wd.txt,0.0
2020-02-12,0.086,1.0,7,base_wd.txt,0.0
2020-02-13,0.086,1.0,7,base_wd.txt,0.0
2020-02-14,0.086,1.0,7,base_wd.txt,0.0
2020-02-15,0.086,1.0,7,base_wd.txt,0.0
2020-02-16,0.086,1.0,7,base_wd.txt,0.0
2020-02-17,0.086,1.0,8,base_wd.txt,0.0
2020-02-18,0.086,1.0,8,base_wd.txt,0.0
2020-02-19,0.086,1.0,8,base_wd.txt,0.0
2020-02-20,0.086,1.0,8,base_wd.txt,0.0
2020-02-21,0.086,1.0,8,base_wd.txt,0.0
2020-02-22,0.086,1.0,8,base_wd.txt,0.0
2020-02-23,0.086,1.0,8,base_wd.txt,0.0
2020-02-24,0.086,1.0,9,base_wd.txt,0.0
2020-02-25,0.086,1.0,9,base_wd.txt,0.0
2020-02-26,0.086,1.0,9,base_wd.txt,0.0
2020-02-27,0.086,1.0,9,base_wd.txt,0.0
2020-02-28,0.086,1.0,9,base_wd.txt,0.0
2020-02-29,0.086,1.0,9,base_wd.txt,0.0
2020-03-01,0.086,1.0,9,base_wd.txt,0.0
2020-03-02,0.086,1.0,10,base_wd.txt,0.0
2020-03-03,0.086,1.0,10,base_wd.txt,0.0
2020-03-04,0.086,1.0,10,base_wd.txt,0.0
2020-03-05,0.086,1.0,10,base_wd.txt,0.0
2020-03-06,0.086,1.0,10,base_wd.txt,0.0
2020-03-07,0.086,1.0,10,base_wd.txt,0.0
2020-03-08,0.086,1.0,10,base_wd.txt,0.0
2020-03-09,0.086,1.0,11,base_wd.txt,0.0
2020-03-10,0.086,1.0,11,base_wd.txt,0.0
2020-03-11,0.086,1.0,11,base_wd.txt,0.0
2020-03-12,0.086,1.0,11,base_wd.txt,0.0
2020-03-13,0.086,1.0,11,base_wd.txt,0.0
2020-03-14,0.086,1.0,11,base_wd.txt,0.0
2020-03-15,0.086,1.0,11,base_wd.txt,0.0
2020-03-16,0.086,1.0,12,base_wd.txt,0.0
2020-03-17,0.086,1.0,12,base_wd.txt,0.0
2020-03-18,0.086,1.0,12,base_wd.txt,0.0
2020-03-19,0.086,1.0,12,base_wd.txt,0.0
2020-03-20,0.086,1.08,12,matrix_LD/LD_matrixC_flat.txt,0.0
2020-03-21,0.086,1.08,12,matrix_LD/LD_matrixC_flat.txt,0.0
2020-03-22,0.086,1.08,12,matrix_LD/LD_matrixC_flat.txt,0.0
2020-03-23,0.086,1.08,13,matrix_LD/LD_matrixC_flat.txt,0.0
2020-03-24,0.086,1.08,13,matrix_LD/LD_matrixC_flat.txt,0.0
2020-03-25,0.086,1.08,13,matrix_LD/LD_matrixC_flat.txt,0.0
2020-03-26,0.086,1.08,13,matrix_LD/LD_matrixC_flat.txt,0.0
2020-03-27,0.086,1.08,13,matrix_LD/LD_matrixC_flat.txt,0.0
2020-03-28,0.086,1.08,13,matrix_LD/LD_matrixC_flat.txt,0.0
2020-03-29,0.086,1.08,13,matrix_LD/LD_matrixC_flat.txt,0.0
2020-03-30,0.086,1.08,14,matrix_LD/LD_matrixC_flat.txt,0.0
2020-03-31,0.086,1.08,14,matrix_LD/LD_matrixC_flat.txt,0.0
2020-04-01,0.086,1.08,14,matrix_LD/LD_matrixC_flat.txt,0.0
2020-04-02,0.086,1.08,14,matrix_LD/LD_matrixC_flat.txt,0.0
2020-04-03,0.086,1.08,14,matrix_LD/LD_matrixC_flat.txt,0.0
2020-04-04,0.086,1.08,14,matrix_LD/LD_matrixC_flat.txt,0.0
2020-04-05,0.086,1.08,14,matrix_LD/LD_matrixC_flat.txt,0.0
2020-04-06,0.086,1.08,15,matrix_LD/LD_matrixC_flat.txt,0.0
2020-04-07,0.086,1.08,15,matrix_LD/LD_matrixC_flat.txt,0.0
2020-04-08,0.086,1.08,15,matrix_LD/LD_matrixC_flat.txt,0.0
2020-04-09,0.086,1.08,15,matrix_LD/LD_matrixC_flat.txt,0.0
2020-04-10,0.086,1.08,15,matrix_LD/LD_matrixC_flat.txt,0.0
2020-04-11,0.086,1.08,15,matrix_LD/LD_matrixC_flat.txt,0.0
2020-04-12,0.086,1.08,15,matrix_LD/LD_matrixC_flat.txt,0.0
2020-04-13,0.086,1.08,16,matrix_LD/LD_matrixC_flat.txt,0.0
2020-04-14,0.086,1.08,16,matrix_LD/LD_matrixC_flat.txt,0.0
2020-04-15,0.086,1.08,16,matrix_LD/LD_matrixC_flat.txt,0.0
2020-04-16,0.086,1.08,16,matrix_LD/LD_matrixC_flat.txt,0.0
2020-04-17,0.086,1.08,16,matrix_LD/LD_matrixC_flat.txt,0.0
2020-04-18,0.086,1.08,16,matrix_LD/LD_matrixC_flat.txt,0.0
2020-04-19,0.086,1.08,16,matrix_LD/LD_matrixC_flat.txt,0.0
2020-04-20,0.086,1.08,17,matrix_LD/LD_matrixC_flat.txt,0.0
2020-04-21,0.086,1.08,17,matrix_LD/LD_matrixC_flat.txt,0.0
2020-04-22,0.086,1.08,17,matrix_LD/LD_matrixC_flat.txt,0.0
2020-04-23,0.086,1.08,17,matrix_LD/LD_matrixC_flat.txt,0.0
2020-04-24,0.086,1.08,17,matrix_LD/LD_matrixC_flat.txt,0.0
2020-04-25,0.086,1.08,17,matrix_LD/LD_matrixC_flat.txt,0.0
2020-04-26,0.086,1.08,17,matrix_LD/LD_matrixC_flat.txt,0.0
2020-04-27,0.086,1.08,18,matrix_LD/LD_matrixC_flat.txt,0.0
2020-04-28,0.086,1.08,18,matrix_LD/LD_matrixC_flat.txt,0.0
2020-04-29,0.086,1.08,18,matrix_LD/LD_matrixC_flat.txt,0.0
2020-04-30,0.086,1.08,18,matrix_LD/LD_matrixC_flat.txt,0.0
2020-05-01,0.086,1.08,18,matrix_LD/LD_matrixC_flat.txt,0.0
2020-05-02,0.086,1.08,18,matrix_LD/LD_matrixC_flat.txt,0.0
2020-05-03,0.086,1.08,18,matrix_LD/LD_matrixC_flat.txt,0.0
2020-05-04,0.086,1.08,19,matrix_LD/LD_matrixC_flat.txt,0.0
2020-05-05,0.086,1.08,19,matrix_LD/LD_matrixC_flat.txt,0.0
2020-05-06,0.086,1.08,19,matrix_LD/LD_matrixC_flat.txt,0.0
2020-05-07,0.086,1.08,19,matrix_LD/LD_matrixC_flat.txt,0.0
2020-05-08,0.086,1.08,19,matrix_LD/LD_matrixC_flat.txt,0.0
2020-05-09,0.086,1.08,19,matrix_LD/LD_matrixC_flat.txt,0.0
2020-05-10,0.086,1.08,19,matrix_LD/LD_matrixC_flat.txt,0.0
2020-05-11,0.086,0.77,20,Matrices_new/Mat4_NoWeekend_NoHoliday_V2_splitted_rec_agg_matrixC_flat.txt,0.5
2020-05-12,0.086,0.77,20,Matrices_new/Mat4_NoWeekend_NoHoliday_V2_splitted_rec_agg_matrixC_flat.txt,0.5
2020-05-13,0.086,0.77,20,Matrices_new/Mat4_NoWeekend_NoHoliday_V2_splitted_rec_agg_matrixC_flat.txt,0.5
2020-05-14,0.086,0.77,20,Matrices_new/Mat4_NoWeekend_NoHoliday_V2_splitted_rec_agg_matrixC_flat.txt,0.5
2020-05-15,0.086,0.77,20,Matrices_new/Mat4_NoWeekend_NoHoliday_V2_splitted_rec_agg_matrixC_flat.txt,0.5
2020-05-16,0.086,0.77,20,Matrices_new/Mat4_NoWeekend_NoHoliday_V2_splitted_rec_agg_matrixC_flat.txt,0.5
2020-05-17,0.086,0.77,20,Matrices_new/Mat4_NoWeekend_NoHoliday_V2_splitted_rec_agg_matrixC_flat.txt,0.5
2020-05-18,0.086,0.77,21,Matrices_new/Mat4_NoWeekend_NoHoliday_V2_splitted_rec_agg_matrixC_flat.txt,0.5
2020-05-19,0.086,0.77,21,Matrices_new/Mat4_NoWeekend_NoHoliday_V2_splitted_rec_agg_matrixC_flat.txt,0.5
2020-05-20,0.086,0.77,21,Matrices_new/Mat4_NoWeekend_NoHoliday_V2_splitted_rec_agg_matrixC_flat.txt,0.5
2020-05-21,0.086,0.77,21,Matrices_new/Mat4_NoWeekend_NoHoliday_V2_splitted_rec_agg_matrixC_flat.txt,0.5
2020-05-22,0.086,0.77,21,Matrices_new/Mat4_NoWeekend_NoHoliday_V2_splitted_rec_agg_matrixC_flat.txt,0.5
2020-05-23,0.086,0.77,21,Matrices_new/Mat4_NoWeekend_NoHoliday_V2_splitted_rec_agg_matrixC_flat.txt,0.5
2020-05-24,0.086,0.77,21,Matrices_new/Mat4_NoWeekend_NoHoliday_V2_splitted_rec_agg_matrixC_flat.txt,0.5
2020-05-25,0.086,0.77,22,Matrices_new/Mat4_NoWeekend_NoHoliday_V2_splitted_rec_agg_matrixC_flat.txt,0.5
2020-05-26,0.086,0.77,22,Matrices_new/Mat4_NoWeekend_NoHoliday_V2_splitted_rec_agg_matrixC_flat.txt,0.5
2020-05-27,0.086,0.77,22,Matrices_new/Mat4_NoWeekend_NoHoliday_V2_splitted_rec_agg_matrixC_flat.txt,0.5
2020-05-28,0.086,0.77,22,Matrices_new/Mat4_NoWeekend_NoHoliday_V2_splitted_rec_agg_matrixC_flat.txt,0.5
2020-05-29,0.086,0.77,22,Matrices_new/Mat4_NoWeekend_NoHoliday_V2_splitted_rec_agg_matrixC_flat.txt,0.5
2020-05-30,0.086,0.77,22,Matrices_new/Mat4_NoWeekend_NoHoliday_V2_splitted_rec_agg_matrixC_flat.txt,0.5
2020-05-31,0.086,0.77,22,Matrices_new/Mat4_NoWeekend_NoHoliday_V2_splitted_rec_agg_matrixC_flat.txt,0.5
2020-06-01,0.086,0.77,23,Matrices_new/Mat4_NoWeekend_NoHoliday_V2_splitted_rec_agg_matrixC_flat.txt,0.5
2020-06-02,0.086,0.77,23,Matrices_new/Mat4_NoWeekend_NoHoliday_V2_splitted_rec_agg_matrixC_flat.txt,0.5
2020-06-03,0.086,0.77,23,Matrices_new/Mat4_NoWeekend_NoHoliday_V2_splitted_rec_agg_matrixC_flat.txt,0.5
2020-06-04,0.086,0.77,23,Matrices_new/Mat4_NoWeekend_NoHoliday_V2_splitted_rec_agg_matrixC_flat.txt,0.5
2020-06-05,0.086,0.77,23,Matrices_new/Mat4_NoWeekend_NoHoliday_V2_splitted_rec_agg_matrixC_flat.txt,0.5
2020-06-06,0.086,0.77,23,Matrices_new/Mat4_NoWeekend_NoHoliday_V2_splitted_rec_agg_matrixC_flat.txt,0.5
2020-06-07,0.086,0.77,23,Matrices_new/Mat4_NoWeekend_NoHoliday_V2_splitted_rec_agg_matrixC_flat.txt,0.5
2020-06-08,0.086,0.77,24,Matrices_new/Mat4_NoWeekend_NoHoliday_V2_splitted_rec_agg_matrixC_flat.txt,0.5
2020-06-09,0.086,0.77,24,Matrices_new/Mat4_NoWeekend_NoHoliday_V2_splitted_rec_agg_matrixC_flat.txt,0.5
2020-06-10,0.086,0.77,24,Matrices_new/Mat4_NoWeekend_NoHoliday_V2_splitted_rec_agg_matrixC_flat.txt,0.5
2020-06-11,0.086,0.77,24,Matrices_new/Mat4_NoWeekend_NoHoliday_V2_splitted_rec_agg_matrixC_flat.txt,0.5
2020-06-12,0.086,0.77,24,Matrices_new/Mat4_NoWeekend_NoHoliday_V2_splitted_rec_agg_matrixC_flat.txt,0.5
2020-06-13,0.086,0.77,24,Matrices_new/Mat4_NoWeekend_NoHoliday_V2_splitted_rec_agg_matrixC_flat.txt,0.5
2020-06-14,0.086,0.77,24,Matrices_new/Mat4_NoWeekend_NoHoliday_V2_splitted_rec_agg_matrixC_flat.txt,0.5
2020-06-15,0.086,0.77,25,Matrices_new/Mat4_NoWeekend_NoHoliday_V2_splitted_rec_agg_matrixC_flat.txt,0.5
2020-06-16,0.086,0.77,25,Matrices_new/Mat4_NoWeekend_NoHoliday_V2_splitted_rec_agg_matrixC_flat.txt,0.5
2020-06-17,0.086,0.77,25,Matrices_new/Mat4_NoWeekend_NoHoliday_V2_splitted_rec_agg_matrixC_flat.txt,0.5
2020-06-18,0.086,0.77,25,Matrices_new/Mat4_NoWeekend_NoHoliday_V2_splitted_rec_agg_matrixC_flat.txt,0.5
2020-06-19,0.086,0.77,25,Matrices_new/Mat4_NoWeekend_NoHoliday_V2_splitted_rec_agg_matrixC_flat.txt,0.5
2020-06-20,0.086,0.77,25,Matrices_new/Mat4_NoWeekend_NoHoliday_V2_splitted_rec_agg_matrixC_flat.txt,0.5
2020-06-21,0.086,0.77,25,Matrices_new/Mat4_NoWeekend_NoHoliday_V2_splitted_rec_agg_matrixC_flat.txt,0.5
2020-06-22,0.086,0.77,26,Matrices_new/Mat4_NoWeekend_NoHoliday_V2_splitted_rec_agg_matrixC_flat.txt,0.5
2020-06-23,0.086,0.77,26,Matrices_new/Mat4_NoWeekend_NoHoliday_V2_splitted_rec_agg_matrixC_flat.txt,0.5
2020-06-24,0.086,0.77,26,Matrices_new/Mat4_NoWeekend_NoHoliday_V2_splitted_rec_agg_matrixC_flat.txt,0.5
2020-06-25,0.086,0.77,26,Matrices_new/Mat4_NoWeekend_NoHoliday_V2_splitted_rec_agg_matrixC_flat.txt,0.5
2020-06-26,0.086,0.77,26,Matrices_new/Mat4_NoWeekend_NoHoliday_V2_splitted_rec_agg_matrixC_flat.txt,0.5
2020-06-27,0.086,0.77,26,Matrices_new/Mat4_NoWeekend_NoHoliday_V2_splitted_rec_agg_matrixC_flat.txt,0.5
2020-06-28,0.086,0.77,26,Matrices_new/Mat4_NoWeekend_NoHoliday_V2_splitted_rec_agg_matrixC_flat.txt,0.5
2020-06-29,0.086,0.77,27,Matrices_new/Mat4_NoWeekend_NoHoliday_V2_splitted_rec_agg_matrixC_flat.txt,0.5
2020-06-30,0.086,0.77,27,Matrices_new/Mat4_NoWeekend_NoHoliday_V2_splitted_rec_agg_matrixC_flat.txt,0.5
2020-07-01,0.086,0.77,27,Matrices_new/Mat4_NoWeekend_NoHoliday_V2_splitted_rec_agg_matrixC_flat.txt,0.5
2020-07-02,0.086,0.77,27,Matrices_new/Mat4_NoWeekend_NoHoliday_V2_splitted_rec_agg_matrixC_flat.txt,0.5
2020-07-03,0.086,0.77,27,Matrices_new/Mat4_NoWeekend_NoHoliday_V2_splitted_rec_agg_matrixC_flat.txt,0.5
2020-07-04,0.086,0.77,27,Matrices_new/Mat4_NoWeekend_NoHoliday_V2_splitted_rec_agg_matrixC_flat.txt,0.5
2020-07-05,0.086,0.77,27,Matrices_new/Mat4_NoWeekend_NoHoliday_V2_splitted_rec_agg_matrixC_flat.txt,0.5
2020-07-06,0.086,1.35,28,Matrices_new/Mat4_NoWeekend_NoHoliday_V2_splitted_rec_agg_matrixC_flat.txt,0.5
2020-07-07,0.086,1.35,28,Matrices_new/Mat4_NoWeekend_NoHoliday_V2_splitted_rec_agg_matrixC_flat.txt,0.5
2020-07-08,0.086,1.35,28,Matrices_new/Mat4_NoWeekend_NoHoliday_V2_splitted_rec_agg_matrixC_flat.txt,0.5
2020-07-09,0.086,1.35,28,Matrices_new/Mat4_NoWeekend_NoHoliday_V2_splitted_rec_agg_matrixC_flat.txt,0.5
2020-07-10,0.086,1.35,28,Matrices_new/Mat4_NoWeekend_NoHoliday_V2_splitted_rec_agg_matrixC_flat.txt,0.5
2020-07-11,0.086,1.35,28,Matrices_new/Mat4_NoWeekend_NoHoliday_V2_splitted_rec_agg_matrixC_flat.txt,0.5
2020-07-12,0.086,1.35,28,Matrices_new/Mat4_NoWeekend_NoHoliday_V2_splitted_rec_agg_matrixC_flat.txt,0.5
2020-07-13,0.086,1.35,29,Matrices_new/Mat4_NoWeekend_NoHoliday_V2_splitted_rec_agg_matrixC_flat.txt,0.5
2020-07-14,0.086,1.35,29,Matrices_new/Mat4_NoWeekend_NoHoliday_V2_splitted_rec_agg_matrixC_flat.txt,0.5
2020-07-15,0.086,1.35,29,Matrices_new/Mat4_NoWeekend_NoHoliday_V2_splitted_rec_agg_matrixC_flat.txt,0.5
2020-07-16,0.086,1.35,29,Matrices_new/Mat4_NoWeekend_NoHoliday_V2_splitted_rec_agg_matrixC_flat.txt,0.5
2020-07-17,0.086,1.35,29,Matrices_new/Mat4_NoWeekend_NoHoliday_V2_splitted_rec_agg_matrixC_flat.txt,0.5
2020-07-18,0.086,1.35,29,Matrices_new/Mat4_NoWeekend_NoHoliday_V2_splitted_rec_agg_matrixC_flat.txt,0.5
2020-07-19,0.086,1.35,29,Matrices_new/Mat4_NoWeekend_NoHoliday_V2_splitted_rec_agg_matrixC_flat.txt,0.5
2020-07-20,0.086,1.35,30,Matrices_new/Mat4_NoWeekend_NoHoliday_V2_splitted_rec_agg_matrixC_flat.txt,0.5
2020-07-21,0.086,1.35,30,Matrices_new/Mat4_NoWeekend_NoHoliday_V2_splitted_rec_agg_matrixC_flat.txt,0.5
2020-07-22,0.086,1.35,30,Matrices_new/Mat4_NoWeekend_NoHoliday_V2_splitted_rec_agg_matrixC_flat.txt,0.5
2020-07-23,0.086,1.35,30,Matrices_new/Mat4_NoWeekend_NoHoliday_V2_splitted_rec_agg_matrixC_flat.txt,0.5
2020-07-24,0.086,1.35,30,Matrices_new/Mat4_NoWeekend_NoHoliday_V2_splitted_rec_agg_matrixC_flat.txt,0.5
2020-07-25,0.086,1.35,30,Matrices_new/Mat4_NoWeekend_NoHoliday_V2_splitted_rec_agg_matrixC_flat.txt,0.5
2020-07-26,0.086,1.35,30,Matrices_new/Mat4_NoWeekend_NoHoliday_V2_splitted_rec_agg_matrixC_flat.txt,0.5
2020-07-27,0.086,1.35,31,Matrices_new/Mat4_NoWeekend_NoHoliday_V2_splitted_rec_agg_matrixC_flat.txt,0.5
2020-07-28,0.086,1.35,31,Matrices_new/Mat4_NoWeekend_NoHoliday_V2_splitted_rec_agg_matrixC_flat.txt,0.5
2020-07-29,0.086,1.35,31,Matrices_new/Mat4_NoWeekend_NoHoliday_V2_splitted_rec_agg_matrixC_flat.txt,0.5
2020-07-30,0.086,1.35,31,Matrices_new/Mat4_NoWeekend_NoHoliday_V2_splitted_rec_agg_matrixC_flat.txt,0.5
2020-07-31,0.086,1.35,31,Matrices_new/Mat4_NoWeekend_NoHoliday_V2_splitted_rec_agg_matrixC_flat.txt,0.5
2020-08-01,0.086,1.35,31,Matrices_new/Mat4_NoWeekend_NoHoliday_V2_splitted_rec_agg_matrixC_flat.txt,0.5
2020-08-02,0.086,1.35,31,Matrices_new/Mat4_NoWeekend_NoHoliday_V2_splitted_rec_agg_matrixC_flat.txt,0.5
2020-08-03,0.086,1.35,32,Matrices_new/Mat4_NoWeekend_NoHoliday_V2_splitted_rec_agg_matrixC_flat.txt,0.5
2020-08-04,0.086,1.35,32,Matrices_new/Mat4_NoWeekend_NoHoliday_V2_splitted_rec_agg_matrixC_flat.txt,0.5
2020-08-05,0.086,1.35,32,Matrices_new/Mat4_NoWeekend_NoHoliday_V2_splitted_rec_agg_matrixC_flat.txt,0.5
2020-08-06,0.086,1.35,32,Matrices_new/Mat4_NoWeekend_NoHoliday_V2_splitted_rec_agg_matrixC_flat.txt,0.5
2020-08-07,0.086,1.35,32,Matrices_new/Mat4_NoWeekend_NoHoliday_V2_splitted_rec_agg_matrixC_flat.txt,0.5
2020-08-08,0.086,1.35,32,Matrices_new/Mat4_NoWeekend_NoHoliday_V2_splitted_rec_agg_matrixC_flat.txt,0.5
2020-08-09,0.086,1.35,32,Matrices_new/Mat4_NoWeekend_NoHoliday_V2_splitted_rec_agg_matrixC_flat.txt,0.5
2020-08-10,0.086,1.35,33,Matrices_new/Mat4_NoWeekend_NoHoliday_V2_splitted_rec_agg_matrixC_flat.txt,0.5
2020-08-11,0.086,1.35,33,Matrices_new/Mat4_NoWeekend_NoHoliday_V2_splitted_rec_agg_matrixC_flat.txt,0.5
2020-08-12,0.086,1.35,33,Matrices_new/Mat4_NoWeekend_NoHoliday_V2_splitted_rec_agg_matrixC_flat.txt,0.5
2020-08-13,0.086,1.35,33,Matrices_new/Mat4_NoWeekend_NoHoliday_V2_splitted_rec_agg_matrixC_flat.txt,0.5
2020-08-14,0.086,1.35,33,Matrices_new/Mat4_NoWeekend_NoHoliday_V2_splitted_rec_agg_matrixC_flat.txt,0.5
2020-08-15,0.086,1.35,33,Matrices_new/Mat4_NoWeekend_NoHoliday_V2_splitted_rec_agg_matrixC_flat.txt,0.5
2020-08-16,0.086,1.35,33,Matrices_new/Mat4_NoWeekend_NoHoliday_V2_splitted_rec_agg_matrixC_flat.txt,0.5
2020-08-17,0.086,1.35,34,Matrices_new/Mat4_NoWeekend_NoHoliday_V2_splitted_rec_agg_matrixC_flat.txt,0.5
2020-08-18,0.086,1.35,34,Matrices_new/Mat4_NoWeekend_NoHoliday_V2_splitted_rec_agg_matrixC_flat.txt,0.5
2020-08-19,0.086,1.35,34,Matrices_new/Mat4_NoWeekend_NoHoliday_V2_splitted_rec_agg_matrixC_flat.txt,0.5
2020-08-20,0.086,1.35,34,Matrices_new/Mat4_NoWeekend_NoHoliday_V2_splitted_rec_agg_matrixC_flat.txt,0.5
2020-08-21,0.086,1.35,34,Matrices_new/Mat4_NoWeekend_NoHoliday_V2_splitted_rec_agg_matrixC_flat.txt,0.5
2020-08-22,0.086,1.35,34,Matrices_new/Mat4_NoWeekend_NoHoliday_V2_splitted_rec_agg_matrixC_flat.txt,0.5
2020-08-23,0.086,1.35,34,Matrices_new/Mat4_NoWeekend_NoHoliday_V2_splitted_rec_agg_matrixC_flat.txt,0.5
2020-08-24,0.086,1.35,35,Matrices_new/Mat4_NoWeekend_NoHoliday_V2_splitted_rec_agg_matrixC_flat.txt,0.5
2020-08-25,0.086,1.35,35,Matrices_new/Mat4_NoWeekend_NoHoliday_V2_splitted_rec_agg_matrixC_flat.txt,0.5
2020-08-26,0.086,1.35,35,Matrices_new/Mat4_NoWeekend_NoHoliday_V2_splitted_rec_agg_matrixC_flat.txt,0.5
2020-08-27,0.086,1.35,35,Matrices_new/Mat4_NoWeekend_NoHoliday_V2_splitted_rec_agg_matrixC_flat.txt,0.5
2020-08-28,0.086,1.35,35,Matrices_new/Mat4_NoWeekend_NoHoliday_V2_splitted_rec_agg_matrixC_flat.txt,0.5
2020-08-29,0.086,1.35,35,Matrices_new/Mat4_NoWeekend_NoHoliday_V2_splitted_rec_agg_matrixC_flat.txt,0.5
2020-08-30,0.086,1.35,35,Matrices_new/Mat4_NoWeekend_NoHoliday_V2_splitted_rec_agg_matrixC_flat.txt,0.5
2020-08-31,0.086,1.75,36,Matrices_new/Mat1_NoWeekend_NoHoliday_V2_splitted_rec_agg_matrixC_flat.txt,0.5
2020-09-01,0.086,1.75,36,Matrices_new/Mat1_NoWeekend_NoHoliday_V2_splitted_rec_agg_matrixC_flat.txt,0.5
2020-09-02,0.086,1.75,36,Matrices_new/Mat1_NoWeekend_NoHoliday_V2_splitted_rec_agg_matrixC_flat.txt,0.5
2020-09-03,0.086,1.75,36,Matrices_new/Mat1_NoWeekend_NoHoliday_V2_splitted_rec_agg_matrixC_flat.txt,0.5
2020-09-04,0.086,1.75,36,Matrices_new/Mat1_NoWeekend_NoHoliday_V2_splitted_rec_agg_matrixC_flat.txt,0.5
2020-09-05,0.086,1.75,36,Matrices_new/Mat1_NoWeekend_NoHoliday_V2_splitted_rec_agg_matrixC_flat.txt,0.5
2020-09-06,0.086,1.75,36,Matrices_new/Mat1_NoWeekend_NoHoliday_V2_splitted_rec_agg_matrixC_flat.txt,0.5
2020-09-07,0.086,0.76,37,Matrices_new/Mat1_NoWeekend_NoHoliday_V2_splitted_rec_agg_matrixC_flat.txt,0.5
2020-09-08,0.086,0.76,37,Matrices_new/Mat1_NoWeekend_NoHoliday_V2_splitted_rec_agg_matrixC_flat.txt,0.5
2020-09-09,0.086,0.76,37,Matrices_new/Mat1_NoWeekend_NoHoliday_V2_splitted_rec_agg_matrixC_flat.txt,0.5
2020-09-10,0.086,0.76,37,Matrices_new/Mat1_NoWeekend_NoHoliday_V2_splitted_rec_agg_matrixC_flat.txt,0.5
2020-09-11,0.086,0.76,37,Matrices_new/Mat1_NoWeekend_NoHoliday_V2_splitted_rec_agg_matrixC_flat.txt,0.5
2020-09-12,0.086,0.76,37,Matrices_new/Mat1_NoWeekend_NoHoliday_V2_splitted_rec_agg_matrixC_flat.txt,0.5
2020-09-13,0.086,0.76,37,Matrices_new/Mat1_NoWeekend_NoHoliday_V2_splitted_rec_agg_matrixC_flat.txt,0.5
2020-09-14,0.086,0.76,38,Matrices_new/Mat1_NoWeekend_NoHoliday_V2_splitted_rec_agg_matrixC_flat.txt,0.5
2020-09-15,0.086,0.76,38,Matrices_new/Mat1_NoWeekend_NoHoliday_V2_splitted_rec_agg_matrixC_flat.txt,0.5
2020-09-16,0.086,0.76,38,Matrices_new/Mat1_NoWeekend_NoHoliday_V2_splitted_rec_agg_matrixC_flat.txt,0.5
2020-09-17,0.086,0.76,38,Matrices_new/Mat1_NoWeekend_NoHoliday_V2_splitted_rec_agg_matrixC_flat.txt,0.5
2020-09-18,0.086,0.76,38,Matrices_new/Mat1_NoWeekend_NoHoliday_V2_splitted_rec_agg_matrixC_flat.txt,0.5
2020-09-19,0.086,0.76,38,Matrices_new/Mat1_NoWeekend_NoHoliday_V2_splitted_rec_agg_matrixC_flat.txt,0.5
2020-09-20,0.086,0.76,38,Matrices_new/Mat1_NoWeekend_NoHoliday_V2_splitted_rec_agg_matrixC_flat.txt,0.5
2020-09-21,0.086,0.76,39,Matrices_new/Mat1_NoWeekend_NoHoliday_V2_splitted_rec_agg_matrixC_flat.txt,0.5
2020-09-22,0.086,0.76,39,Matrices_new/Mat1_NoWeekend_NoHoliday_V2_splitted_rec_agg_matrixC_flat.txt,0.5
2020-09-23,0.086,0.76,39,Matrices_new/Mat1_NoWeekend_NoHoliday_V2_splitted_rec_agg_matrixC_flat.txt,0.5
2020-09-24,0.086,0.76,39,Matrices_new/Mat1_NoWeekend_NoHoliday_V2_splitted_rec_agg_matrixC_flat.txt,0.5
2020-09-25,0.086,0.76,39,Matrices_new/Mat1_NoWeekend_NoHoliday_V2_splitted_rec_agg_matrixC_flat.txt,0.5
2020-09-26,0.086,0.76,39,Matrices_new/Mat1_NoWeekend_NoHoliday_V2_splitted_rec_agg_matrixC_flat.txt,0.5
2020-09-27,0.086,0.76,39,Matrices_new/Mat1_NoWeekend_NoHoliday_V2_splitted_rec_agg_matrixC_flat.txt,0.5
2020-09-28,0.086,0.76,40,Matrices_new/Mat1_NoWeekend_NoHoliday_V2_splitted_rec_agg_matrixC_flat.txt,0.5
2020-09-29,0.086,0.76,40,Matrices_new/Mat1_NoWeekend_NoHoliday_V2_splitted_rec_agg_matrixC_flat.txt,0.5
2020-09-30,0.086,0.76,40,Matrices_new/Mat1_NoWeekend_NoHoliday_V2_splitted_rec_agg_matrixC_flat.txt,0.5
2020-10-01,0.086,0.76,40,Matrices_new/Mat1_NoWeekend_NoHoliday_V2_splitted_rec_agg_matrixC_flat.txt,0.5
2020-10-02,0.086,0.76,40,Matrices_new/Mat1_NoWeekend_NoHoliday_V2_splitted_rec_agg_matrixC_flat.txt,0.5
2020-10-03,0.086,0.76,40,Matrices_new/Mat1_NoWeekend_NoHoliday_V2_splitted_rec_agg_matrixC_flat.txt,0.5
2020-10-04,0.086,0.76,40,Matrices_new/Mat1_NoWeekend_NoHoliday_V2_splitted_rec_agg_matrixC_flat.txt,0.5
2020-10-05,0.086,1.04,41,Matrices_new/Mat1_NoWeekend_NoHoliday_V2_splitted_rec_agg_matrixC_flat.txt,0.5
2020-10-06,0.086,1.04,41,Matrices_new/Mat1_NoWeekend_NoHoliday_V2_splitted_rec_agg_matrixC_flat.txt,0.5
2020-10-07,0.086,1.04,41,Matrices_new/Mat1_NoWeekend_NoHoliday_V2_splitted_rec_agg_matrixC_flat.txt,0.5
2020-10-08,0.086,1.04,41,Matrices_new/Mat1_NoWeekend_NoHoliday_V2_splitted_rec_agg_matrixC_flat.txt,0.5
2020-10-09,0.086,1.04,41,Matrices_new/Mat1_NoWeekend_NoHoliday_V2_splitted_rec_agg_matrixC_flat.txt,0.5
2020-10-10,0.086,1.04,41,Matrices_new/Mat1_NoWeekend_NoHoliday_V2_splitted_rec_agg_matrixC_flat.txt,0.5
2020-10-11,0.086,1.04,41,Matrices_new/Mat1_NoWeekend_NoHoliday_V2_splitted_rec_agg_matrixC_flat.txt,0.5
2020-10-12,0.086,1.04,42,Matrices_new/Mat1_NoWeekend_NoHoliday_V2_splitted_rec_agg_matrixC_flat.txt,0.5
2020-10-13,0.086,1.04,42,Matrices_new/Mat1_NoWeekend_NoHoliday_V2_splitted_rec_agg_matrixC_flat.txt,0.5
2020-10-14,0.086,1.04,42,Matrices_new/Mat1_NoWeekend_NoHoliday_V2_splitted_rec_agg_matrixC_flat.txt,0.5
2020-10-15,0.086,1.04,42,Matrices_new/Mat1_NoWeekend_NoHoliday_V2_splitted_rec_agg_matrixC_flat.txt,0.5
2020-10-16,0.086,1.04,42,Matrices_new/Mat1_NoWeekend_NoHoliday_V2_splitted_rec_agg_matrixC_flat.txt,0.5
2020-10-17,0.086,1.04,42,Matrices_new/Mat1_NoWeekend_NoHoliday_V2_splitted_rec_agg_matrixC_flat.txt,0.5
2020-10-18,0.086,1.04,42,Matrices_new/Mat1_NoWeekend_NoHoliday_V2_splitted_rec_agg_matrixC_flat.txt,0.5
2020-10-19,0.086,1.04,43,Matrices_new/Mat4_NoWeekend_NoHoliday_V2_splitted_rec_agg_matrixC_flat.txt,0.5
2020-10-20,0.086,1.04,43,Matrices_new/Mat4_NoWeekend_NoHoliday_V2_splitted_rec_agg_matrixC_flat.txt,0.5
2020-10-21,0.086,1.04,43,Matrices_new/Mat4_NoWeekend_NoHoliday_V2_splitted_rec_agg_matrixC_flat.txt,0.5
2020-10-22,0.086,1.04,43,Matrices_new/Mat4_NoWeekend_NoHoliday_V2_splitted_rec_agg_matrixC_flat.txt,0.5
2020-10-23,0.086,1.04,43,Matrices_new/Mat4_NoWeekend_NoHoliday_V2_splitted_rec_agg_matrixC_flat.txt,0.5
2020-10-24,0.086,1.04,43,Matrices_new/Mat4_NoWeekend_NoHoliday_V2_splitted_rec_agg_matrixC_flat.txt,0.5
2020-10-25,0.086,1.04,43,Matrices_new/Mat4_NoWeekend_NoHoliday_V2_splitted_rec_agg_matrixC_flat.txt,0.5
2020-10-26,0.086,1.04,44,Matrices_new/Mat4_NoWeekend_NoHoliday_V2_splitted_rec_agg_matrixC_flat.txt,0.5
2020-10-27,0.086,1.04,44,Matrices_new/Mat4_NoWeekend_NoHoliday_V2_splitted_rec_agg_matrixC_flat.txt,0.5
2020-10-28,0.086,1.04,44,Matrices_new/Mat4_NoWeekend_NoHoliday_V2_splitted_rec_agg_matrixC_flat.txt,0.5
2020-10-29,0.086,1.04,44,Matrices_new/Mat4_NoWeekend_NoHoliday_V2_splitted_rec_agg_matrixC_flat.txt,0.5
2020-10-30,0.086,1.04,44,Matrices_new/Mat4_NoWeekend_NoHoliday_V2_splitted_rec_agg_matrixC_flat.txt,0.5
2020-10-31,0.086,1.04,44,Matrices_new/Mat4_NoWeekend_NoHoliday_V2_splitted_rec_agg_matrixC_flat.txt,0.5
2020-11-01,0.086,1.04,44,Matrices_new/Mat4_NoWeekend_NoHoliday_V2_splitted_rec_agg_matrixC_flat.txt,0.5
2020-11-02,0.086,0.82,45,Matrices_new/Mat1_NoWeekend_NoHoliday_V2_splitted_rec_agg_matrixC_flat.txt,0.5
2020-11-03,0.086,0.82,45,Matrices_new/Mat1_NoWeekend_NoHoliday_V2_splitted_rec_agg_matrixC_flat.txt,0.5
2020-11-04,0.086,0.82,45,Matrices_new/Mat1_NoWeekend_NoHoliday_V2_splitted_rec_agg_matrixC_flat.txt,0.5
2020-11-05,0.086,0.82,45,Matrices_new/Mat1_NoWeekend_NoHoliday_V2_splitted_rec_agg_matrixC_flat.txt,0.5
2020-11-06,0.086,0.82,45,Matrices_new/Mat1_NoWeekend_NoHoliday_V2_splitted_rec_agg_matrixC_flat.txt,0.5
2020-11-07,0.086,0.82,45,Matrices_new/Mat1_NoWeekend_NoHoliday_V2_splitted_rec_agg_matrixC_flat.txt,0.5
2020-11-08,0.086,0.82,45,Matrices_new/Mat1_NoWeekend_NoHoliday_V2_splitted_rec_agg_matrixC_flat.txt,0.5
2020-11-09,0.086,0.82,46,Matrices_new/Mat1_NoWeekend_NoHoliday_V2_splitted_rec_agg_matrixC_flat.txt,0.5
2020-11-10,0.086,0.82,46,Matrices_new/Mat1_NoWeekend_NoHoliday_V2_splitted_rec_agg_matrixC_flat.txt,0.5
2020-11-11,0.086,0.82,46,Matrices_new/Mat1_NoWeekend_NoHoliday_V2_splitted_rec_agg_matrixC_flat.txt,0.5
2020-11-12,0.086,0.82,46,Matrices_new/Mat1_NoWeekend_NoHoliday_V2_splitted_rec_agg_matrixC_flat.txt,0.5
2020-11-13,0.086,0.82,46,Matrices_new/Mat1_NoWeekend_NoHoliday_V2_splitted_rec_agg_matrixC_flat.txt,0.5
2020-11-14,0.086,0.82,46,Matrices_new/Mat1_NoWeekend_NoHoliday_V2_splitted_rec_agg_matrixC_flat.txt,0.5
2020-11-15,0.086,0.82,46,Matrices_new/Mat1_NoWeekend_NoHoliday_V2_splitted_rec_agg_matrixC_flat.txt,0.5
2020-11-16,0.086,0.82,47,Matrices_new/Mat1_NoWeekend_NoHoliday_V2_splitted_rec_agg_matrixC_flat.txt,0.5
2020-11-17,0.086,0.82,47,Matrices_new/Mat1_NoWeekend_NoHoliday_V2_splitted_rec_agg_matrixC_flat.txt,0.5
2020-11-18,0.086,0.82,47,Matrices_new/Mat1_NoWeekend_NoHoliday_V2_splitted_rec_agg_matrixC_flat.txt,0.5
2020-11-19,0.086,0.82,47,Matrices_new/Mat1_NoWeekend_NoHoliday_V2_splitted_rec_agg_matrixC_flat.txt,0.5
2020-11-20,0.086,0.82,47,Matrices_new/Mat1_NoWeekend_NoHoliday_V2_splitted_rec_agg_matrixC_flat.txt,0.5
2020-11-21,0.086,0.82,47,Matrices_new/Mat1_NoWeekend_NoHoliday_V2_splitted_rec_agg_matrixC_flat.txt,0.5
2020-11-22,0.086,0.82,47,Matrices_new/Mat1_NoWeekend_NoHoliday_V2_splitted_rec_agg_matrixC_flat.txt,0.5
2020-11-23,0.086,0.71,48,Matrices_new/Mat1_NoWeekend_NoHoliday_V2_splitted_rec_agg_matrixC_flat.txt,0.5
2020-11-24,0.086,0.71,48,Matrices_new/Mat1_NoWeekend_NoHoliday_V2_splitted_rec_agg_matrixC_flat.txt,0.5
2020-11-25,0.086,0.71,48,Matrices_new/Mat1_NoWeekend_NoHoliday_V2_splitted_rec_agg_matrixC_flat.txt,0.5
2020-11-26,0.086,0.71,48,Matrices_new/Mat1_NoWeekend_NoHoliday_V2_splitted_rec_agg_matrixC_flat.txt,0.5
2020-11-27,0.086,0.71,48,Matrices_new/Mat1_NoWeekend_NoHoliday_V2_splitted_rec_agg_matrixC_flat.txt,0.5
2020-11-28,0.086,0.71,48,Matrices_new/Mat1_NoWeekend_NoHoliday_V2_splitted_rec_agg_matrixC_flat.txt,0.5
2020-11-29,0.086,0.71,48,Matrices_new/Mat1_NoWeekend_NoHoliday_V2_splitted_rec_agg_matrixC_flat.txt,0.5
2020-11-30,0.086,0.71,49,Matrices_new/Mat1_NoWeekend_NoHoliday_V2_splitted_rec_agg_matrixC_flat.txt,0.5
2020-12-01,0.086,0.71,49,Matrices_new/Mat1_NoWeekend_NoHoliday_V2_splitted_rec_agg_matrixC_flat.txt,0.5
2020-12-02,0.086,0.71,49,Matrices_new/Mat1_NoWeekend_NoHoliday_V2_splitted_rec_agg_matrixC_flat.txt,0.5
2020-12-03,0.086,0.71,49,Matrices_new/Mat1_NoWeekend_NoHoliday_V2_splitted_rec_agg_matrixC_flat.txt,0.5
2020-12-04,0.086,0.71,49,Matrices_new/Mat1_NoWeekend_NoHoliday_V2_splitted_rec_agg_matrixC_flat.txt,0.5
2020-12-05,0.086,0.71,49,Matrices_new/Mat1_NoWeekend_NoHoliday_V2_splitted_rec_agg_matrixC_flat.txt,0.5
2020-12-06,0.086,0.71,49,Matrices_new/Mat1_NoWeekend_NoHoliday_V2_splitted_rec_agg_matrixC_flat.txt,0.5
2020-12-07,0.086,0.71,50,Matrices_new/Mat1_NoWeekend_NoHoliday_V2_splitted_rec_agg_matrixC_flat.txt,0.5
2020-12-08,0.086,0.71,50,Matrices_new/Mat1_NoWeekend_NoHoliday_V2_splitted_rec_agg_matrixC_flat.txt,0.5
2020-12-09,0.086,0.71,50,Matrices_new/Mat1_NoWeekend_NoHoliday_V2_splitted_rec_agg_matrixC_flat.txt,0.5
2020-12-10,0.086,0.71,50,Matrices_new/Mat1_NoWeekend_NoHoliday_V2_splitted_rec_agg_matrixC_flat.txt,0.5
2020-12-11,0.086,0.71,50,Matrices_new/Mat1_NoWeekend_NoHoliday_V2_splitted_rec_agg_matrixC_flat.txt,0.5
2020-12-12,0.086,0.71,50,Matrices_new/Mat1_NoWeekend_NoHoliday_V2_splitted_rec_agg_matrixC_flat.txt,0.5
2020-12-13,0.086,0.71,50,Matrices_new/Mat1_NoWeekend_NoHoliday_V2_splitted_rec_agg_matrixC_flat.txt,0.5
2020-12-14,0.086,0.71,51,Matrices_new/Mat1_NoWeekend_NoHoliday_V2_splitted_rec_agg_matrixC_flat.txt,0.5
2020-12-15,0.086,0.71,51,Matrices_new/Mat1_NoWeekend_NoHoliday_V2_splitted_rec_agg_matrixC_flat.txt,0.5
2020-12-16,0.086,0.71,51,Matrices_new/Mat1_NoWeekend_NoHoliday_V2_splitted_rec_agg_matrixC_flat.txt,0.5
2020-12-17,0.086,0.71,51,Matrices_new/Mat1_NoWeekend_NoHoliday_V2_splitted_rec_agg_matrixC_flat.txt,0.5
2020-12-18,0.086,0.71,51,Matrices_new/Mat1_NoWeekend_NoHoliday_V2_splitted_rec_agg_matrixC_flat.txt,0.5
2020-12-19,0.086,0.71,51,Matrices_new/Mat1_NoWeekend_NoHoliday_V2_splitted_rec_agg_matrixC_flat.txt,0.5
2020-12-20,0.086,0.71,51,Matrices_new/Mat1_NoWeekend_NoHoliday_V2_splitted_rec_agg_matrixC_flat.txt,0.5
2020-12-21,0.086,1.36,52,Matrices_new/Mat4_NoWeekend_NoHoliday_V2_splitted_rec_agg_matrixC_flat.txt,0.5
2020-12-22,0.086,1.36,52,Matrices_new/Mat4_NoWeekend_NoHoliday_V2_splitted_rec_agg_matrixC_flat.txt,0.5
2020-12-23,0.086,1.36,52,Matrices_new/Mat4_NoWeekend_NoHoliday_V2_splitted_rec_agg_matrixC_flat.txt,0.5
2020-12-24,0.086,1.36,52,Matrices_new/Mat4_NoWeekend_NoHoliday_V2_splitted_rec_agg_matrixC_flat.txt,0.5
2020-12-25,0.086,1.36,52,Matrices_new/Mat4_NoWeekend_NoHoliday_V2_splitted_rec_agg_matrixC_flat.txt,0.5
2020-12-26,0.086,1.36,52,Matrices_new/Mat4_NoWeekend_NoHoliday_V2_splitted_rec_agg_matrixC_flat.txt,0.5
2020-12-27,0.086,1.36,52,Matrices_new/Mat4_NoWeekend_NoHoliday_V2_splitted_rec_agg_matrixC_flat.txt,0.5
2020-12-28,0.086,1.36,53,Matrices_new/Mat4_NoWeekend_NoHoliday_V2_splitted_rec_agg_matrixC_flat.txt,0.5
2020-12-29,0.086,1.36,53,Matrices_new/Mat4_NoWeekend_NoHoliday_V2_splitted_rec_agg_matrixC_flat.txt,0.5
2020-12-30,0.086,1.36,53,Matrices_new/Mat4_NoWeekend_NoHoliday_V2_splitted_rec_agg_matrixC_flat.txt,0.5
2020-12-31,0.086,1.36,53,Matrices_new/Mat4_NoWeekend_NoHoliday_V2_splitted_rec_agg_matrixC_flat.txt,0.5
2021-01-01,0.086,1.36,53,Matrices_new/Mat4_NoWeekend_NoHoliday_V2_splitted_rec_agg_matrixC_flat.txt,0.5
2021-01-02,0.086,1.36,53,Matrices_new/Mat4_NoWeekend_NoHoliday_V2_splitted_rec_agg_matrixC_flat.txt,0.5
2021-01-03,0.086,1.36,53,Matrices_new/Mat4_NoWeekend_NoHoliday_V2_splitted_rec_agg_matrixC_flat.txt,0.5
2021-01-04,0.086,1.2,54,Matrices_new/Mat2_NoWeekend_NoHoliday_V2_splitted_rec_agg_matrixC_flat.txt,0.5
2021-01-05,0.086,1.2,54,Matrices_new/Mat2_NoWeekend_NoHoliday_V2_splitted_rec_agg_matrixC_flat.txt,0.5
2021-01-06,0.086,1.2,54,Matrices_new/Mat2_NoWeekend_NoHoliday_V2_splitted_rec_agg_matrixC_flat.txt,0.5
2021-01-07,0.086,1.2,54,Matrices_new/Mat2_NoWeekend_NoHoliday_V2_splitted_rec_agg_matrixC_flat.txt,0.5
2021-01-08,0.086,1.2,54,Matrices_new/Mat2_NoWeekend_NoHoliday_V2_splitted_rec_agg_matrixC_flat.txt,0.5
2021-01-09,0.086,1.2,54,Matrices_new/Mat2_NoWeekend_NoHoliday_V2_splitted_rec_agg_matrixC_flat.txt,0.5
2021-01-10,0.086,1.2,54,Matrices_new/Mat2_NoWeekend_NoHoliday_V2_splitted_rec_agg_matrixC_flat.txt,0.5
2021-01-11,0.086,1.2,55,Matrices_new/Mat2_NoWeekend_NoHoliday_V2_splitted_rec_agg_matrixC_flat.txt,0.5
2021-01-12,0.086,1.2,55,Matrices_new/Mat2_NoWeekend_NoHoliday_V2_splitted_rec_agg_matrixC_flat.txt,0.5
2021-01-13,0.086,1.2,55,Matrices_new/Mat2_NoWeekend_NoHoliday_V2_splitted_rec_agg_matrixC_flat.txt,0.5
2021-01-14,0.086,1.2,55,Matrices_new/Mat2_NoWeekend_NoHoliday_V2_splitted_rec_agg_matrixC_flat.txt,0.5
2021-01-15,0.086,1.2,55,Matrices_new/Mat2_NoWeekend_NoHoliday_V2_splitted_rec_agg_matrixC_flat.txt,0.5
2021-01-16,0.086,1.2,55,Matrices_new/Mat2_NoWeekend_NoHoliday_V2_splitted_rec_agg_matrixC_flat.txt,0.5
2021-01-17,0.086,1.2,55,Matrices_new/Mat2_NoWeekend_NoHoliday_V2_splitted_rec_agg_matrixC_flat.txt,0.5
2021-01-18,0.086,0.55,56,Matrices_new/Mat2_NoWeekend_NoHoliday_V2_splitted_rec_agg_matrixC_flat.txt,0.5
2021-01-19,0.086,0.55,56,Matrices_new/Mat2_NoWeekend_NoHoliday_V2_splitted_rec_agg_matrixC_flat.txt,0.5
2021-01-20,0.086,0.55,56,Matrices_new/Mat2_NoWeekend_NoHoliday_V2_splitted_rec_agg_matrixC_flat.txt,0.5
2021-01-21,0.086,0.55,56,Matrices_new/Mat2_NoWeekend_NoHoliday_V2_splitted_rec_agg_matrixC_flat.txt,0.5
2021-01-22,0.086,0.55,56,Matrices_new/Mat2_NoWeekend_NoHoliday_V2_splitted_rec_agg_matrixC_flat.txt,0.5
2021-01-23,0.086,0.55,56,Matrices_new/Mat2_NoWeekend_NoHoliday_V2_splitted_rec_agg_matrixC_flat.txt,0.5
2021-01-24,0.086,0.55,56,Matrices_new/Mat2_NoWeekend_NoHoliday_V2_splitted_rec_agg_matrixC_flat.txt,0.5
2021-01-25,0.086,0.55,57,Matrices_new/Mat2_NoWeekend_NoHoliday_V2_splitted_rec_agg_matrixC_flat.txt,0.5
2021-01-26,0.086,0.55,57,Matrices_new/Mat2_NoWeekend_NoHoliday_V2_splitted_rec_agg_matrixC_flat.txt,0.5
2021-01-27,0.086,0.55,57,Matrices_new/Mat2_NoWeekend_NoHoliday_V2_splitted_rec_agg_matrixC_flat.txt,0.5
2021-01-28,0.086,0.55,57,Matrices_new/Mat2_NoWeekend_NoHoliday_V2_splitted_rec_agg_matrixC_flat.txt,0.5
2021-01-29,0.086,0.55,57,Matrices_new/Mat2_NoWeekend_NoHoliday_V2_splitted_rec_agg_matrixC_flat.txt,0.5
2021-01-30,0.086,0.55,57,Matrices_new/Mat2_NoWeekend_NoHoliday_V2_splitted_rec_agg_matrixC_flat.txt,0.5
2021-01-31,0.086,0.55,57,Matrices_new/Mat2_NoWeekend_NoHoliday_V2_splitted_rec_agg_matrixC_flat.txt,0.5
2021-02-01,0.086,0.54,58,Matrices_new/Mat2_NoWeekend_NoHoliday_V2_splitted_rec_agg_matrixC_flat.txt,0.5
2021-02-02,0.086,0.54,58,Matrices_new/Mat2_NoWeekend_NoHoliday_V2_splitted_rec_agg_matrixC_flat.txt,0.5
2021-02-03,0.086,0.54,58,Matrices_new/Mat2_NoWeekend_NoHoliday_V2_splitted_rec_agg_matrixC_flat.txt,0.5
2021-02-04,0.086,0.54,58,Matrices_new/Mat2_NoWeekend_NoHoliday_V2_splitted_rec_agg_matrixC_flat.txt,0.5
2021-02-05,0.086,0.54,58,Matrices_new/Mat2_NoWeekend_NoHoliday_V2_splitted_rec_agg_matrixC_flat.txt,0.5
2021-02-06,0.086,0.54,58,Matrices_new/Mat2_NoWeekend_NoHoliday_V2_splitted_rec_agg_matrixC_flat.txt,0.5
2021-02-07,0.086,0.54,58,Matrices_new/Mat2_NoWeekend_NoHoliday_V2_splitted_rec_agg_matrixC_flat.txt,0.5
2021-02-08,0.086,0.54,59,Matrices_new/Mat4_NoWeekend_NoHoliday_V2_splitted_rec_agg_matrixC_flat.txt,0.5
2021-02-09,0.086,0.54,59,Matrices_new/Mat4_NoWeekend_NoHoliday_V2_splitted_rec_agg_matrixC_flat.txt,0.5
2021-02-10,0.086,0.54,59,Matrices_new/Mat4_NoWeekend_NoHoliday_V2_splitted_rec_agg_matrixC_flat.txt,0.5
2021-02-11,0.086,0.54,59,Matrices_new/Mat4_NoWeekend_NoHoliday_V2_splitted_rec_agg_matrixC_flat.txt,0.5
2021-02-12,0.086,0.54,59,Matrices_new/Mat4_NoWeekend_NoHoliday_V2_splitted_rec_agg_matrixC_flat.txt,0.5
2021-02-13,0.086,0.54,59,Matrices_new/Mat4_NoWeekend_NoHoliday_V2_splitted_rec_agg_matrixC_flat.txt,0.5
2021-02-14,0.086,0.54,59,Matrices_new/Mat4_NoWeekend_NoHoliday_V2_splitted_rec_agg_matrixC_flat.txt,0.5
2021-02-15,0.086,0.94,60,Matrices_new/Mat4_NoWeekend_NoHoliday_V2_splitted_rec_agg_matrixC_flat.txt,0.5
2021-02-16,0.086,0.94,60,Matrices_new/Mat4_NoWeekend_NoHoliday_V2_splitted_rec_agg_matrixC_flat.txt,0.5
2021-02-17,0.086,0.94,60,Matrices_new/Mat4_NoWeekend_NoHoliday_V2_splitted_rec_agg_matrixC_flat.txt,0.5
2021-02-18,0.086,0.94,60,Matrices_new/Mat4_NoWeekend_NoHoliday_V2_splitted_rec_agg_matrixC_flat.txt,0.5
2021-02-19,0.086,0.94,60,Matrices_new/Mat4_NoWeekend_NoHoliday_V2_splitted_rec_agg_matrixC_flat.txt,0.5
2021-02-20,0.086,0.94,60,Matrices_new/Mat4_NoWeekend_NoHoliday_V2_splitted_rec_agg_matrixC_flat.txt,0.5
2021-02-21,0.086,0.94,60,Matrices_new/Mat4_NoWeekend_NoHoliday_V2_splitted_rec_agg_matrixC_flat.txt,0.5
2021-02-22,0.086,0.94,61,Matrices_new/Mat4_NoWeekend_NoHoliday_V2_splitted_rec_agg_matrixC_flat.txt,0.5
2021-02-23,0.086,0.94,61,Matrices_new/Mat4_NoWeekend_NoHoliday_V2_splitted_rec_agg_matrixC_flat.txt,0.5
2021-02-24,0.086,0.94,61,Matrices_new/Mat4_NoWeekend_NoHoliday_V2_splitted_rec_agg_matrixC_flat.txt,0.5
2021-02-25,0.086,0.94,61,Matrices_new/Mat4_NoWeekend_NoHoliday_V2_splitted_rec_agg_matrixC_flat.txt,0.5
2021-02-26,0.086,0.94,61,Matrices_new/Mat4_NoWeekend_NoHoliday_V2_splitted_rec_agg_matrixC_flat.txt,0.5
2021-02-27,0.086,0.94,61,Matrices_new/Mat4_NoWeekend_NoHoliday_V2_splitted_rec_agg_matrixC_flat.txt,0.5
2021-02-28,0.086,0.94,61,Matrices_new/Mat4_NoWeekend_NoHoliday_V2_splitted_rec_agg_matrixC_flat.txt,0.5
2021-03-01,0.086,0.94,62,Matrices_new/Mat3_NoWeekend_NoHoliday_V2_splitted_rec_agg_matrixC_flat.txt,0.5
2021-03-02,0.086,0.94,62,Matrices_new/Mat3_NoWeekend_NoHoliday_V2_splitted_rec_agg_matrixC_flat.txt,0.5
2021-03-03,0.086,0.94,62,Matrices_new/Mat3_NoWeekend_NoHoliday_V2_splitted_rec_agg_matrixC_flat.txt,0.5
2021-03-04,0.086,0.94,62,Matrices_new/Mat3_NoWeekend_NoHoliday_V2_splitted_rec_agg_matrixC_flat.txt,0.5
2021-03-05,0.086,0.94,62,Matrices_new/Mat3_NoWeekend_NoHoliday_V2_splitted_rec_agg_matrixC_flat.txt,0.5
2021-03-06,0.086,0.94,62,Matrices_new/Mat3_NoWeekend_NoHoliday_V2_splitted_rec_agg_matrixC_flat.txt,0.5
2021-03-07,0.086,0.94,62,Matrices_new/Mat3_NoWeekend_NoHoliday_V2_splitted_rec_agg_matrixC_flat.txt,0.5
2021-03-08,0.086,0.73,63,Matrices_new/Mat3_NoWeekend_NoHoliday_V2_splitted_rec_agg_matrixC_flat.txt,0.5
2021-03-09,0.086,0.73,63,Matrices_new/Mat3_NoWeekend_NoHoliday_V2_splitted_rec_agg_matrixC_flat.txt,0.5
2021-03-10,0.086,0.73,63,Matrices_new/Mat3_NoWeekend_NoHoliday_V2_splitted_rec_agg_matrixC_flat.txt,0.5
2021-03-11,0.086,0.73,63,Matrices_new/Mat3_NoWeekend_NoHoliday_V2_splitted_rec_agg_matrixC_flat.txt,0.5
2021-03-12,0.086,0.73,63,Matrices_new/Mat3_NoWeekend_NoHoliday_V2_splitted_rec_agg_matrixC_flat.txt,0.5
2021-03-13,0.086,0.73,63,Matrices_new/Mat3_NoWeekend_NoHoliday_V2_splitted_rec_agg_matrixC_flat.txt,0.5
2021-03-14,0.086,0.73,63,Matrices_new/Mat3_NoWeekend_NoHoliday_V2_splitted_rec_agg_matrixC_flat.txt,0.5
2021-03-15,0.086,0.73,64,Matrices_new/Mat3_NoWeekend_NoHoliday_V2_splitted_rec_agg_matrixC_flat.txt,0.5
2021-03-16,0.086,0.73,64,Matrices_new/Mat3_NoWeekend_NoHoliday_V2_splitted_rec_agg_matrixC_flat.txt,0.5
2021-03-17,0.086,0.73,64,Matrices_new/Mat3_NoWeekend_NoHoliday_V2_splitted_rec_agg_matrixC_flat.txt,0.5
2021-03-18,0.086,0.73,64,Matrices_new/Mat3_NoWeekend_NoHoliday_V2_splitted_rec_agg_matrixC_flat.txt,0.5
2021-03-19,0.086,0.73,64,Matrices_new/Mat3_NoWeekend_NoHoliday_V2_splitted_rec_agg_matrixC_flat.txt,0.5
2021-03-20,0.086,0.73,64,Matrices_new/Mat3_NoWeekend_NoHoliday_V2_splitted_rec_agg_matrixC_flat.txt,0.5
2021-03-21,0.086,0.73,64,Matrices_new/Mat3_NoWeekend_NoHoliday_V2_splitted_rec_agg_matrixC_flat.txt,0.5
2021-03-22,0.086,0.58,65,Matrices_new/Mat3_NoWeekend_NoHoliday_V2_splitted_rec_agg_matrixC_flat.txt,0.5
2021-03-23,0.086,0.58,65,Matrices_new/Mat3_NoWeekend_NoHoliday_V2_splitted_rec_agg_matrixC_flat.txt,0.5
2021-03-24,0.086,0.58,65,Matrices_new/Mat3_NoWeekend_NoHoliday_V2_splitted_rec_agg_matrixC_flat.txt,0.5
2021-03-25,0.086,0.58,65,Matrices_new/Mat3_NoWeekend_NoHoliday_V2_splitted_rec_agg_matrixC_flat.txt,0.5
2021-03-26,0.086,0.58,65,Matrices_new/Mat3_NoWeekend_NoHoliday_V2_splitted_rec_agg_matrixC_flat.txt,0.5
2021-03-27,0.086,0.58,65,Matrices_new/Mat3_NoWeekend_NoHoliday_V2_splitted_rec_agg_matrixC_flat.txt,0.5
2021-03-28,0.086,0.58,65,Matrices_new/Mat3_NoWeekend_NoHoliday_V2_splitted_rec_agg_matrixC_flat.txt,0.5
2021-03-29,0.086,0.58,66,Matrices_new/Mat3_NoWeekend_NoHoliday_V2_splitted_rec_agg_matrixC_flat.txt,0.5
2021-03-30,0.086,0.58,66,Matrices_new/Mat3_NoWeekend_NoHoliday_V2_splitted_rec_agg_matrixC_flat.txt,0.5
2021-03-31,0.086,0.58,66,Matrices_new/Mat3_NoWeekend_NoHoliday_V2_splitted_rec_agg_matrixC_flat.txt,0.5
2021-04-01,0.086,0.58,66,Matrices_new/Mat3_NoWeekend_NoHoliday_V2_splitted_rec_agg_matrixC_flat.txt,0.5
2021-04-02,0.086,0.58,66,Matrices_new/Mat3_NoWeekend_NoHoliday_V2_splitted_rec_agg_matrixC_flat.txt,0.5
2021-04-03,0.086,0.58,66,Matrices_new/Mat3_NoWeekend_NoHoliday_V2_splitted_rec_agg_matrixC_flat.txt,0.5
2021-04-04,0.086,0.58,66,Matrices_new/Mat3_NoWeekend_NoHoliday_V2_splitted_rec_agg_matrixC_flat.txt,0.5
2021-04-05,0.086,0.79,67,Matrices_new/Mat4_NoWeekend_NoHoliday_V2_splitted_rec_agg_matrixC_flat.txt,0.5
2021-04-06,0.086,0.79,67,Matrices_new/Mat4_NoWeekend_NoHoliday_V2_splitted_rec_agg_matrixC_flat.txt,0.5
2021-04-07,0.086,0.79,67,Matrices_new/Mat4_NoWeekend_NoHoliday_V2_splitted_rec_agg_matrixC_flat.txt,0.5
2021-04-08,0.086,0.79,67,Matrices_new/Mat4_NoWeekend_NoHoliday_V2_splitted_rec_agg_matrixC_flat.txt,0.5
2021-04-09,0.086,0.79,67,Matrices_new/Mat4_NoWeekend_NoHoliday_V2_splitted_rec_agg_matrixC_flat.txt,0.5
2021-04-10,0.086,0.79,67,Matrices_new/Mat4_NoWeekend_NoHoliday_V2_splitted_rec_agg_matrixC_flat.txt,0.5
2021-04-11,0.086,0.79,67,Matrices_new/Mat4_NoWeekend_NoHoliday_V2_splitted_rec_agg_matrixC_flat.txt,0.5
2021-04-12,0.086,0.79,68,Matrices_new/Mat4_NoWeekend_NoHoliday_V2_splitted_rec_agg_matrixC_flat.txt,0.5
2021-04-13,0.086,0.79,68,Matrices_new/Mat4_NoWeekend_NoHoliday_V2_splitted_rec_agg_matrixC_flat.txt,0.5
2021-04-14,0.086,0.79,68,Matrices_new/Mat4_NoWeekend_NoHoliday_V2_splitted_rec_agg_matrixC_flat.txt,0.5
2021-04-15,0.086,0.79,68,Matrices_new/Mat4_NoWeekend_NoHoliday_V2_splitted_rec_agg_matrixC_flat.txt,0.5
2021-04-16,0.086,0.79,68,Matrices_new/Mat4_NoWeekend_NoHoliday_V2_splitted_rec_agg_matrixC_flat.txt,0.5
2021-04-17,0.086,0.79,68,Matrices_new/Mat4_NoWeekend_NoHoliday_V2_splitted_rec_agg_matrixC_flat.txt,0.5
2021-04-18,0.086,0.79,68,Matrices_new/Mat4_NoWeekend_NoHoliday_V2_splitted_rec_agg_matrixC_flat.txt,0.5
2021-04-19,0.086,0.79,69,Matrices_new/Mat4_NoWeekend_NoHoliday_V2_splitted_rec_agg_matrixC_flat.txt,0.5
2021-04-20,0.086,0.79,69,Matrices_new/Mat4_NoWeekend_NoHoliday_V2_splitted_rec_agg_matrixC_flat.txt,0.5
2021-04-21,0.086,0.79,69,Matrices_new/Mat4_NoWeekend_NoHoliday_V2_splitted_rec_agg_matrixC_flat.txt,0.5
2021-04-22,0.086,0.79,69,Matrices_new/Mat4_NoWeekend_NoHoliday_V2_splitted_rec_agg_matrixC_flat.txt,0.5
2021-04-23,0.086,0.79,69,Matrices_new/Mat4_NoWeekend_NoHoliday_V2_splitted_rec_agg_matrixC_flat.txt,0.5
2021-04-24,0.086,0.79,69,Matrices_new/Mat4_NoWeekend_NoHoliday_V2_splitted_rec_agg_matrixC_flat.txt,0.5
2021-04-25,0.086,0.79,69,Matrices_new/Mat4_NoWeekend_NoHoliday_V2_splitted_rec_agg_matrixC_flat.txt,0.5
2021-04-26,0.086,0.79,70,Matrices_new/Mat4_NoWeekend_NoHoliday_V2_splitted_rec_agg_matrixC_flat.txt,0.5
2021-04-27,0.086,0.79,70,Matrices_new/Mat4_NoWeekend_NoHoliday_V2_splitted_rec_agg_matrixC_flat.txt,0.5
2021-04-28,0.086,0.79,70,Matrices_new/Mat4_NoWeekend_NoHoliday_V2_splitted_rec_agg_matrixC_flat.txt,0.5
2021-04-29,0.086,0.79,70,Matrices_new/Mat4_NoWeekend_NoHoliday_V2_splitted_rec_agg_matrixC_flat.txt,0.5
2021-04-30,0.086,0.79,70,Matrices_new/Mat4_NoWeekend_NoHoliday_V2_splitted_rec_agg_matrixC_flat.txt,0.5
2021-05-01,0.086,0.79,70,Matrices_new/Mat4_NoWeekend_NoHoliday_V2_splitted_rec_agg_matrixC_flat.txt,0.5
2021-05-02,0.086,0.79,70,Matrices_new/Mat4_NoWeekend_NoHoliday_V2_splitted_rec_agg_matrixC_flat.txt,0.5
2021-05-03,0.086,0.64,71,Matrices_new/Mat3_NoWeekend_NoHoliday_V2_splitted_rec_agg_matrixC_flat.txt,0.5
2021-05-04,0.086,0.64,71,Matrices_new/Mat3_NoWeekend_NoHoliday_V2_splitted_rec_agg_matrixC_flat.txt,0.5
2021-05-05,0.086,0.64,71,Matrices_new/Mat3_NoWeekend_NoHoliday_V2_splitted_rec_agg_matrixC_flat.txt,0.5
2021-05-06,0.086,0.64,71,Matrices_new/Mat3_NoWeekend_NoHoliday_V2_splitted_rec_agg_matrixC_flat.txt,0.5
2021-05-07,0.086,0.64,71,Matrices_new/Mat3_NoWeekend_NoHoliday_V2_splitted_rec_agg_matrixC_flat.txt,0.5
2021-05-08,0.086,0.64,71,Matrices_new/Mat3_NoWeekend_NoHoliday_V2_splitted_rec_agg_matrixC_flat.txt,0.5
2021-05-09,0.086,0.64,71,Matrices_new/Mat3_NoWeekend_NoHoliday_V2_splitted_rec_agg_matrixC_flat.txt,0.5
2021-05-10,0.086,0.64,72,Matrices_new/Mat3_NoWeekend_NoHoliday_V2_splitted_rec_agg_matrixC_flat.txt,0.5
2021-05-11,0.086,0.64,72,Matrices_new/Mat3_NoWeekend_NoHoliday_V2_splitted_rec_agg_matrixC_flat.txt,0.5
2021-05-12,0.086,0.64,72,Matrices_new/Mat3_NoWeekend_NoHoliday_V2_splitted_rec_agg_matrixC_flat.txt,0.5
2021-05-13,0.086,0.64,72,Matrices_new/Mat3_NoWeekend_NoHoliday_V2_splitted_rec_agg_matrixC_flat.txt,0.5
2021-05-14,0.086,0.64,72,Matrices_new/Mat3_NoWeekend_NoHoliday_V2_splitted_rec_agg_matrixC_flat.txt,0.5
2021-05-15,0.086,0.64,72,Matrices_new/Mat3_NoWeekend_NoHoliday_V2_splitted_rec_agg_matrixC_flat.txt,0.5
2021-05-16,0.086,0.64,72,Matrices_new/Mat3_NoWeekend_NoHoliday_V2_splitted_rec_agg_matrixC_flat.txt,0.5
2021-05-17,0.086,0.64,73,Matrices_new/Mat3_NoWeekend_NoHoliday_V2_splitted_rec_agg_matrixC_flat.txt,0.5
2021-05-18,0.086,0.64,73,Matrices_new/Mat3_NoWeekend_NoHoliday_V2_splitted_rec_agg_matrixC_flat.txt,0.5
2021-05-19,0.086,0.64,73,Matrices_new/Mat3_NoWeekend_NoHoliday_V2_splitted_rec_agg_matrixC_flat.txt,0.5
2021-05-20,0.086,0.64,73,Matrices_new/Mat3_NoWeekend_NoHoliday_V2_splitted_rec_agg_matrixC_flat.txt,0.5
2021-05-21,0.086,0.64,73,Matrices_new/Mat3_NoWeekend_NoHoliday_V2_splitted_rec_agg_matrixC_flat.txt,0.5
2021-05-22,0.086,0.64,73,Matrices_new/Mat3_NoWeekend_NoHoliday_V2_splitted_rec_agg_matrixC_flat.txt,0.5
2021-05-23,0.086,0.64,73,Matrices_new/Mat3_NoWeekend_NoHoliday_V2_splitted_rec_agg_matrixC_flat.txt,0.5
2021-05-24,0.086,0.64,74,Matrices_new/Mat3_NoWeekend_NoHoliday_V2_splitted_rec_agg_matrixC_flat.txt,0.5
2021-05-25,0.086,0.64,74,Matrices_new/Mat3_NoWeekend_NoHoliday_V2_splitted_rec_agg_matrixC_flat.txt,0.5
2021-05-26,0.086,0.64,74,Matrices_new/Mat3_NoWeekend_NoHoliday_V2_splitted_rec_agg_matrixC_flat.txt,0.5
2021-05-27,0.086,0.64,74,Matrices_new/Mat3_NoWeekend_NoHoliday_V2_splitted_rec_agg_matrixC_flat.txt,0.5
2021-05-28,0.086,0.64,74,Matrices_new/Mat3_NoWeekend_NoHoliday_V2_splitted_rec_agg_matrixC_flat.txt,0.5
2021-05-29,0.086,0.64,74,Matrices_new/Mat3_NoWeekend_NoHoliday_V2_splitted_rec_agg_matrixC_flat.txt,0.5
2021-05-30,0.086,0.64,74,Matrices_new/Mat3_NoWeekend_NoHoliday_V2_splitted_rec_agg_matrixC_flat.txt,0.5
2021-05-31,0.086,0.64,75,Matrices_new/Mat3_NoWeekend_NoHoliday_V2_splitted_rec_agg_matrixC_flat.txt,0.5
2021-06-01,0.086,0.64,75,Matrices_new/Mat3_NoWeekend_NoHoliday_V2_splitted_rec_agg_matrixC_flat.txt,0.5
2021-06-02,0.086,0.64,75,Matrices_new/Mat3_NoWeekend_NoHoliday_V2_splitted_rec_agg_matrixC_flat.txt,0.5
2021-06-03,0.086,0.64,75,Matrices_new/Mat3_NoWeekend_NoHoliday_V2_splitted_rec_agg_matrixC_flat.txt,0.5
2021-06-04,0.086,0.64,75,Matrices_new/Mat3_NoWeekend_NoHoliday_V2_splitted_rec_agg_matrixC_flat.txt,0.5
2021-06-05,0.086,0.64,75,Matrices_new/Mat3_NoWeekend_NoHoliday_V2_splitted_rec_agg_matrixC_flat.txt,0.5
2021-06-06,0.086,0.64,75,Matrices_new/Mat3_NoWeekend_NoHoliday_V2_splitted_rec_agg_matrixC_flat.txt,0.5
2021-06-07,0.086,0.46,76,Matrices_new/Mat3_NoWeekend_NoHoliday_V2_splitted_rec_agg_matrixC_flat.txt,0.5
2021-06-08,0.086,0.46,76,Matrices_new/Mat3_NoWeekend_NoHoliday_V2_splitted_rec_agg_matrixC_flat.txt,0.5
2021-06-09,0.086,0.46,76,Matrices_new/Mat3_NoWeekend_NoHoliday_V2_splitted_rec_agg_matrixC_flat.txt,0.5
2021-06-10,0.086,0.46,76,Matrices_new/Mat3_NoWeekend_NoHoliday_V2_splitted_rec_agg_matrixC_flat.txt,0.5
2021-06-11,0.086,0.46,76,Matrices_new/Mat3_NoWeekend_NoHoliday_V2_splitted_rec_agg_matrixC_flat.txt,0.5
2021-06-12,0.086,0.46,76,Matrices_new/Mat3_NoWeekend_NoHoliday_V2_splitted_rec_agg_matrixC_flat.txt,0.5
2021-06-13,0.086,0.46,76,Matrices_new/Mat3_NoWeekend_NoHoliday_V2_splitted_rec_agg_matrixC_flat.txt,0.5
2021-06-14,0.086,0.46,77,Matrices_new/Mat3_NoWeekend_NoHoliday_V2_splitted_rec_agg_matrixC_flat.txt,0.5
2021-06-15,0.086,0.46,77,Matrices_new/Mat3_NoWeekend_NoHoliday_V2_splitted_rec_agg_matrixC_flat.txt,0.5
2021-06-16,0.086,0.46,77,Matrices_new/Mat3_NoWeekend_NoHoliday_V2_splitted_rec_agg_matrixC_flat.txt,0.5
2021-06-17,0.086,0.46,77,Matrices_new/Mat3_NoWeekend_NoHoliday_V2_splitted_rec_agg_matrixC_flat.txt,0.5
2021-06-18,0.086,0.46,77,Matrices_new/Mat3_NoWeekend_NoHoliday_V2_splitted_rec_agg_matrixC_flat.txt,0.5
2021-06-19,0.086,0.46,77,Matrices_new/Mat3_NoWeekend_NoHoliday_V2_splitted_rec_agg_matrixC_flat.txt,0.5
2021-06-20,0.086,0.46,77,Matrices_new/Mat3_NoWeekend_NoHoliday_V2_splitted_rec_agg_matrixC_flat.txt,0.5
2021-06-21,0.086,0.46,78,Matrices_new/Mat3_NoWeekend_NoHoliday_V2_splitted_rec_agg_matrixC_flat.txt,0.5
2021-06-22,0.086,0.46,78,Matrices_new/Mat3_NoWeekend_NoHoliday_V2_splitted_rec_agg_matrixC_flat.txt,0.5
2021-06-23,0.086,0.46,78,Matrices_new/Mat3_NoWeekend_NoHoliday_V2_splitted_rec_agg_matrixC_flat.txt,0.5
2021-06-24,0.086,0.46,78,Matrices_new/Mat3_NoWeekend_NoHoliday_V2_splitted_rec_agg_matrixC_flat.txt,0.5
2021-06-25,0.086,0.46,78,Matrices_new/Mat3_NoWeekend_NoHoliday_V2_splitted_rec_agg_matrixC_flat.txt,0.5
2021-06-26,0.086,0.46,78,Matrices_new/Mat3_NoWeekend_NoHoliday_V2_splitted_rec_agg_matrixC_flat.txt,0.5
2021-06-27,0.086,0.46,78,Matrices_new/Mat3_NoWeekend_NoHoliday_V2_splitted_rec_agg_matrixC_flat.txt,0.5
2021-06-28,0.086,0.46,79,Matrices_new/Mat3_NoWeekend_NoHoliday_V2_splitted_rec_agg_matrixC_flat.txt,0.5
2021-06-29,0.086,0.46,79,Matrices_new/Mat3_NoWeekend_NoHoliday_V2_splitted_rec_agg_matrixC_flat.txt,0.5
2021-06-30,0.086,0.46,79,Matrices_new/Mat3_NoWeekend_NoHoliday_V2_splitted_rec_agg_matrixC_flat.txt,0.5
2021-07-01,0.086,0.46,79,Matrices_new/Mat3_NoWeekend_NoHoliday_V2_splitted_rec_agg_matrixC_flat.txt,0.5
2021-07-02,0.086,0.46,79,Matrices_new/Mat3_NoWeekend_NoHoliday_V2_splitted_rec_agg_matrixC_flat.txt,0.5
2021-07-03,0.086,0.46,79,Matrices_new/Mat3_NoWeekend_NoHoliday_V2_splitted_rec_agg_matrixC_flat.txt,0.5
2021-07-04,0.086,0.46,79,Matrices_new/Mat3_NoWeekend_NoHoliday_V2_splitted_rec_agg_matrixC_flat.txt,0.5
2021-07-05,0.086,1.2,80,Matrices_new/Mat4_NoWeekend_NoHoliday_V2_splitted_rec_agg_matrixC_flat.txt,0.5
2021-07-06,0.086,1.2,80,Matrices_new/Mat4_NoWeekend_NoHoliday_V2_splitted_rec_agg_matrixC_flat.txt,0.5
2021-07-07,0.086,1.2,80,Matrices_new/Mat4_NoWeekend_NoHoliday_V2_splitted_rec_agg_matrixC_flat.txt,0.5
2021-07-08,0.086,1.2,80,Matrices_new/Mat4_NoWeekend_NoHoliday_V2_splitted_rec_agg_matrixC_flat.txt,0.5
2021-07-09,0.086,1.2,80,Matrices_new/Mat4_NoWeekend_NoHoliday_V2_splitted_rec_agg_matrixC_flat.txt,0.5
2021-07-10,0.086,1.2,80,Matrices_new/Mat4_NoWeekend_NoHoliday_V2_splitted_rec_agg_matrixC_flat.txt,0.5
2021-07-11,0.086,1.2,80,Matrices_new/Mat4_NoWeekend_NoHoliday_V2_splitted_rec_agg_matrixC_flat.txt,0.5
2021-07-12,0.086,1.2,81,Matrices_new/Mat4_NoWeekend_NoHoliday_V2_splitted_rec_agg_matrixC_flat.txt,0.5
2021-07-13,0.086,1.2,81,Matrices_new/Mat4_NoWeekend_NoHoliday_V2_splitted_rec_agg_matrixC_flat.txt,0.5
2021-07-14,0.086,1.2,81,Matrices_new/Mat4_NoWeekend_NoHoliday_V2_splitted_rec_agg_matrixC_flat.txt,0.5
2021-07-15,0.086,1.2,81,Matrices_new/Mat4_NoWeekend_NoHoliday_V2_splitted_rec_agg_matrixC_flat.txt,0.5
2021-07-16,0.086,1.2,81,Matrices_new/Mat4_NoWeekend_NoHoliday_V2_splitted_rec_agg_matrixC_flat.txt,0.5
2021-07-17,0.086,1.2,81,Matrices_new/Mat4_NoWeekend_NoHoliday_V2_splitted_rec_agg_matrixC_flat.txt,0.5
2021-07-18,0.086,1.2,81,Matrices_new/Mat4_NoWeekend_NoHoliday_V2_splitted_rec_agg_matrixC_flat.txt,0.5
2021-07-19,0.086,1.2,82,Matrices_new/Mat4_NoWeekend_NoHoliday_V2_splitted_rec_agg_matrixC_flat.txt,0.5
2021-07-20,0.086,1.2,82,Matrices_new/Mat4_NoWeekend_NoHoliday_V2_splitted_rec_agg_matrixC_flat.txt,0.5
2021-07-21,0.086,1.2,82,Matrices_new/Mat4_NoWeekend_NoHoliday_V2_splitted_rec_agg_matrixC_flat.txt,0.5
2021-07-22,0.086,1.2,82,Matrices_new/Mat4_NoWeekend_NoHoliday_V2_splitted_rec_agg_matrixC_flat.txt,0.5
2021-07-23,0.086,1.2,82,Matrices_new/Mat4_NoWeekend_NoHoliday_V2_splitted_rec_agg_matrixC_flat.txt,0.5
2021-07-24,0.086,1.2,82,Matrices_new/Mat4_NoWeekend_NoHoliday_V2_splitted_rec_agg_matrixC_flat.txt,0.5
2021-07-25,0.086,1.2,82,Matrices_new/Mat4_NoWeekend_NoHoliday_V2_splitted_rec_agg_matrixC_flat.txt,0.5
2021-07-26,0.086,1.2,83,Matrices_new/Mat4_NoWeekend_NoHoliday_V2_splitted_rec_agg_matrixC_flat.txt,0.5
2021-07-27,0.086,1.2,83,Matrices_new/Mat4_NoWeekend_NoHoliday_V2_splitted_rec_agg_matrixC_flat.txt,0.5
2021-07-28,0.086,1.2,83,Matrices_new/Mat4_NoWeekend_NoHoliday_V2_splitted_rec_agg_matrixC_flat.txt,0.5
2021-07-29,0.086,1.2,83,Matrices_new/Mat4_NoWeekend_NoHoliday_V2_splitted_rec_agg_matrixC_flat.txt,0.5
2021-07-30,0.086,1.2,83,Matrices_new/Mat4_NoWeekend_NoHoliday_V2_splitted_rec_agg_matrixC_flat.txt,0.5
2021-07-31,0.086,1.2,83,Matrices_new/Mat4_NoWeekend_NoHoliday_V2_splitted_rec_agg_matrixC_flat.txt,0.5
2021-08-01,0.086,1.2,83,Matrices_new/Mat4_NoWeekend_NoHoliday_V2_splitted_rec_agg_matrixC_flat.txt,0.5
2021-08-02,0.086,0.95,84,Matrices_new/Mat4_NoWeekend_NoHoliday_V2_splitted_rec_agg_matrixC_flat.txt,0.5
2021-08-03,0.086,0.95,84,Matrices_new/Mat4_NoWeekend_NoHoliday_V2_splitted_rec_agg_matrixC_flat.txt,0.5
2021-08-04,0.086,0.95,84,Matrices_new/Mat4_NoWeekend_NoHoliday_V2_splitted_rec_agg_matrixC_flat.txt,0.5
2021-08-05,0.086,0.95,84,Matrices_new/Mat4_NoWeekend_NoHoliday_V2_splitted_rec_agg_matrixC_flat.txt,0.5
2021-08-06,0.086,0.95,84,Matrices_new/Mat4_NoWeekend_NoHoliday_V2_splitted_rec_agg_matrixC_flat.txt,0.5
2021-08-07,0.086,0.95,84,Matrices_new/Mat4_NoWeekend_NoHoliday_V2_splitted_rec_agg_matrixC_flat.txt,0.5
2021-08-08,0.086,0.95,84,Matrices_new/Mat4_NoWeekend_NoHoliday_V2_splitted_rec_agg_matrixC_flat.txt,0.5
2021-08-09,0.086,0.95,85,Matrices_new/Mat4_NoWeekend_NoHoliday_V2_splitted_rec_agg_matrixC_flat.txt,0.5
2021-08-10,0.086,0.95,85,Matrices_new/Mat4_NoWeekend_NoHoliday_V2_splitted_rec_agg_matrixC_flat.txt,0.5
2021-08-11,0.086,0.95,85,Matrices_new/Mat4_NoWeekend_NoHoliday_V2_splitted_rec_agg_matrixC_flat.txt,0.5
2021-08-12,0.086,0.95,85,Matrices_new/Mat4_NoWeekend_NoHoliday_V2_splitted_rec_agg_matrixC_flat.txt,0.5
2021-08-13,0.086,0.95,85,Matrices_new/Mat4_NoWeekend_NoHoliday_V2_splitted_rec_agg_matrixC_flat.txt,0.5
2021-08-14,0.086,0.95,85,Matrices_new/Mat4_NoWeekend_NoHoliday_V2_splitted_rec_agg_matrixC_flat.txt,0.5
2021-08-15,0.086,0.95,85,Matrices_new/Mat4_NoWeekend_NoHoliday_V2_splitted_rec_agg_matrixC_flat.txt,0.5
2021-08-16,0.086,0.95,86,Matrices_new/Mat4_NoWeekend_NoHoliday_V2_splitted_rec_agg_matrixC_flat.txt,0.5
2021-08-17,0.086,0.95,86,Matrices_new/Mat4_NoWeekend_NoHoliday_V2_splitted_rec_agg_matrixC_flat.txt,0.5
2021-08-18,0.086,0.95,86,Matrices_new/Mat4_NoWeekend_NoHoliday_V2_splitted_rec_agg_matrixC_flat.txt,0.5
2021-08-19,0.086,0.95,86,Matrices_new/Mat4_NoWeekend_NoHoliday_V2_splitted_rec_agg_matrixC_flat.txt,0.5
2021-08-20,0.086,0.95,86,Matrices_new/Mat4_NoWeekend_NoHoliday_V2_splitted_rec_agg_matrixC_flat.txt,0.5
2021-08-21,0.086,0.95,86,Matrices_new/Mat4_NoWeekend_NoHoliday_V2_splitted_rec_agg_matrixC_flat.txt,0.5
2021-08-22,0.086,0.95,86,Matrices_new/Mat4_NoWeekend_NoHoliday_V2_splitted_rec_agg_matrixC_flat.txt,0.5
2021-08-23,0.086,0.95,87,Matrices_new/Mat4_NoWeekend_NoHoliday_V2_splitted_rec_agg_matrixC_flat.txt,0.5
2021-08-24,0.086,0.95,87,Matrices_new/Mat4_NoWeekend_NoHoliday_V2_splitted_rec_agg_matrixC_flat.txt,0.5
2021-08-25,0.086,0.95,87,Matrices_new/Mat4_NoWeekend_NoHoliday_V2_splitted_rec_agg_matrixC_flat.txt,0.5
2021-08-26,0.086,0.95,87,Matrices_new/Mat4_NoWeekend_NoHoliday_V2_splitted_rec_agg_matrixC_flat.txt,0.5
2021-08-27,0.086,0.95,87,Matrices_new/Mat4_NoWeekend_NoHoliday_V2_splitted_rec_agg_matrixC_flat.txt,0.5
2021-08-28,0.086,0.95,87,Matrices_new/Mat4_NoWeekend_NoHoliday_V2_splitted_rec_agg_matrixC_flat.txt,0.5
2021-08-29,0.086,0.95,87,Matrices_new/Mat4_NoWeekend_NoHoliday_V2_splitted_rec_agg_matrixC_flat.txt,0.5
2021-08-30,0.086,0.48,88,Matrices_new/Mat5_NoWeekend_NoHoliday_V2_splitted_rec_agg_matrixC_flat.txt,0.5
2021-08-31,0.086,0.48,88,Matrices_new/Mat5_NoWeekend_NoHoliday_V2_splitted_rec_agg_matrixC_flat.txt,0.5
2021-09-01,0.086,0.48,88,Matrices_new/Mat5_NoWeekend_NoHoliday_V2_splitted_rec_agg_matrixC_flat.txt,0.5
2021-09-02,0.086,0.48,88,Matrices_new/Mat5_NoWeekend_NoHoliday_V2_splitted_rec_agg_matrixC_flat.txt,0.5
2021-09-03,0.086,0.48,88,Matrices_new/Mat5_NoWeekend_NoHoliday_V2_splitted_rec_agg_matrixC_flat.txt,0.5
2021-09-04,0.086,0.48,88,Matrices_new/Mat5_NoWeekend_NoHoliday_V2_splitted_rec_agg_matrixC_flat.txt,0.5
2021-09-05,0.086,0.48,88,Matrices_new/Mat5_NoWeekend_NoHoliday_V2_splitted_rec_agg_matrixC_flat.txt,0.5
2021-09-06,0.086,0.48,89,Matrices_new/Mat5_NoWeekend_NoHoliday_V2_splitted_rec_agg_matrixC_flat.txt,0.5
2021-09-07,0.086,0.48,89,Matrices_new/Mat5_NoWeekend_NoHoliday_V2_splitted_rec_agg_matrixC_flat.txt,0.5
2021-09-08,0.086,0.48,89,Matrices_new/Mat5_NoWeekend_NoHoliday_V2_splitted_rec_agg_matrixC_flat.txt,0.5
2021-09-09,0.086,0.48,89,Matrices_new/Mat5_NoWeekend_NoHoliday_V2_splitted_rec_agg_matrixC_flat.txt,0.5
2021-09-10,0.086,0.48,89,Matrices_new/Mat5_NoWeekend_NoHoliday_V2_splitted_rec_agg_matrixC_flat.txt,0.5
2021-09-11,0.086,0.48,89,Matrices_new/Mat5_NoWeekend_NoHoliday_V2_splitted_rec_agg_matrixC_flat.txt,0.5
2021-09-12,0.086,0.48,89,Matrices_new/Mat5_NoWeekend_NoHoliday_V2_splitted_rec_agg_matrixC_flat.txt,0.5
2021-09-13,0.086,0.48,90,Matrices_new/Mat5_NoWeekend_NoHoliday_V2_splitted_rec_agg_matrixC_flat.txt,0.5
2021-09-14,0.086,0.48,90,Matrices_new/Mat5_NoWeekend_NoHoliday_V2_splitted_rec_agg_matrixC_flat.txt,0.5
2021-09-15,0.086,0.48,90,Matrices_new/Mat5_NoWeekend_NoHoliday_V2_splitted_rec_agg_matrixC_flat.txt,0.5
2021-09-16,0.086,0.48,90,Matrices_new/Mat5_NoWeekend_NoHoliday_V2_splitted_rec_agg_matrixC_flat.txt,0.5
2021-09-17,0.086,0.48,90,Matrices_new/Mat5_NoWeekend_NoHoliday_V2_splitted_rec_agg_matrixC_flat.txt,0.5
2021-09-18,0.086,0.48,90,Matrices_new/Mat5_NoWeekend_NoHoliday_V2_splitted_rec_agg_matrixC_flat.txt,0.5
2021-09-19,0.086,0.48,90,Matrices_new/Mat5_NoWeekend_NoHoliday_V2_splitted_rec_agg_matrixC_flat.txt,0.5
2021-09-20,0.086,0.48,91,Matrices_new/Mat5_NoWeekend_NoHoliday_V2_splitted_rec_agg_matrixC_flat.txt,0.5
2021-09-21,0.086,0.48,91,Matrices_new/Mat5_NoWeekend_NoHoliday_V2_splitted_rec_agg_matrixC_flat.txt,0.5
2021-09-22,0.086,0.48,91,Matrices_new/Mat5_NoWeekend_NoHoliday_V2_splitted_rec_agg_matrixC_flat.txt,0.5
2021-09-23,0.086,0.48,91,Matrices_new/Mat5_NoWeekend_NoHoliday_V2_splitted_rec_agg_matrixC_flat.txt,0.5
2021-09-24,0.086,0.48,91,Matrices_new/Mat5_NoWeekend_NoHoliday_V2_splitted_rec_agg_matrixC_flat.txt,0.5
2021-09-25,0.086,0.48,91,Matrices_new/Mat5_NoWeekend_NoHoliday_V2_splitted_rec_agg_matrixC_flat.txt,0.5
2021-09-26,0.086,0.48,91,Matrices_new/Mat5_NoWeekend_NoHoliday_V2_splitted_rec_agg_matrixC_flat.txt,0.5
2021-09-27,0.086,0.48,92,Matrices_new/Mat5_NoWeekend_NoHoliday_V2_splitted_rec_agg_matrixC_flat.txt,0.5
2021-09-28,0.086,0.48,92,Matrices_new/Mat5_NoWeekend_NoHoliday_V2_splitted_rec_agg_matrixC_flat.txt,0.5
2021-09-29,0.086,0.48,92,Matrices_new/Mat5_NoWeekend_NoHoliday_V2_splitted_rec_agg_matrixC_flat.txt,0.5
2021-09-30,0.086,0.48,92,Matrices_new/Mat5_NoWeekend_NoHoliday_V2_splitted_rec_agg_matrixC_flat.txt,0.5
2021-10-01,0.086,0.48,92,Matrices_new/Mat5_NoWeekend_NoHoliday_V2_splitted_rec_agg_matrixC_flat.txt,0.5
2021-10-02,0.086,0.48,92,Matrices_new/Mat5_NoWeekend_NoHoliday_V2_splitted_rec_agg_matrixC_flat.txt,0.5
2021-10-03,0.086,0.48,92,Matrices_new/Mat5_NoWeekend_NoHoliday_V2_splitted_rec_agg_matrixC_flat.txt,0.5
2021-10-04,0.086,0.6,93,Matrices_new/Mat5_NoWeekend_NoHoliday_V2_splitted_rec_agg_matrixC_flat.txt,0.5
2021-10-05,0.086,0.6,93,Matrices_new/Mat5_NoWeekend_NoHoliday_V2_splitted_rec_agg_matrixC_flat.txt,0.5
2021-10-06,0.086,0.6,93,Matrices_new/Mat5_NoWeekend_NoHoliday_V2_splitted_rec_agg_matrixC_flat.txt,0.5
2021-10-07,0.086,0.6,93,Matrices_new/Mat5_NoWeekend_NoHoliday_V2_splitted_rec_agg_matrixC_flat.txt,0.5
2021-10-08,0.086,0.6,93,Matrices_new/Mat5_NoWeekend_NoHoliday_V2_splitted_rec_agg_matrixC_flat.txt,0.5
2021-10-09,0.086,0.6,93,Matrices_new/Mat5_NoWeekend_NoHoliday_V2_splitted_rec_agg_matrixC_flat.txt,0.5
2021-10-10,0.086,0.6,93,Matrices_new/Mat5_NoWeekend_NoHoliday_V2_splitted_rec_agg_matrixC_flat.txt,0.5
2021-10-11,0.086,0.6,94,Matrices_new/Mat5_NoWeekend_NoHoliday_V2_splitted_rec_agg_matrixC_flat.txt,0.5
2021-10-12,0.086,0.6,94,Matrices_new/Mat5_NoWeekend_NoHoliday_V2_splitted_rec_agg_matrixC_flat.txt,0.5
2021-10-13,0.086,0.6,94,Matrices_new/Mat5_NoWeekend_NoHoliday_V2_splitted_rec_agg_matrixC_flat.txt,0.5
2021-10-14,0.086,0.6,94,Matrices_new/Mat5_NoWeekend_NoHoliday_V2_splitted_rec_agg_matrixC_flat.txt,0.5
2021-10-15,0.086,0.6,94,Matrices_new/Mat5_NoWeekend_NoHoliday_V2_splitted_rec_agg_matrixC_flat.txt,0.5
2021-10-16,0.086,0.6,94,Matrices_new/Mat5_NoWeekend_NoHoliday_V2_splitted_rec_agg_matrixC_flat.txt,0.5
2021-10-17,0.086,0.6,94,Matrices_new/Mat5_NoWeekend_NoHoliday_V2_splitted_rec_agg_matrixC_flat.txt,0.5
2021-10-18,0.086,0.6,95,Matrices_new/Mat5_NoWeekend_NoHoliday_V2_splitted_rec_agg_matrixC_flat.txt,0.5
2021-10-19,0.086,0.6,95,Matrices_new/Mat5_NoWeekend_NoHoliday_V2_splitted_rec_agg_matrixC_flat.txt,0.5
2021-10-20,0.086,0.6,95,Matrices_new/Mat5_NoWeekend_NoHoliday_V2_splitted_rec_agg_matrixC_flat.txt,0.5
2021-10-21,0.086,0.6,95,Matrices_new/Mat5_NoWeekend_NoHoliday_V2_splitted_rec_agg_matrixC_flat.txt,0.5
2021-10-22,0.086,0.6,95,Matrices_new/Mat5_NoWeekend_NoHoliday_V2_splitted_rec_agg_matrixC_flat.txt,0.5
2021-10-23,0.086,0.6,95,Matrices_new/Mat5_NoWeekend_NoHoliday_V2_splitted_rec_agg_matrixC_flat.txt,0.5
2021-10-24,0.086,0.6,95,Matrices_new/Mat5_NoWeekend_NoHoliday_V2_splitted_rec_agg_matrixC_flat.txt,0.5
2021-10-25,0.086,1.3,96,Matrices_new/Mat4_NoWeekend_NoHoliday_V2_splitted_rec_agg_matrixC_flat.txt,0.5
2021-10-26,0.086,1.3,96,Matrices_new/Mat4_NoWeekend_NoHoliday_V2_splitted_rec_agg_matrixC_flat.txt,0.5
2021-10-27,0.086,1.3,96,Matrices_new/Mat4_NoWeekend_NoHoliday_V2_splitted_rec_agg_matrixC_flat.txt,0.5
2021-10-28,0.086,1.3,96,Matrices_new/Mat4_NoWeekend_NoHoliday_V2_splitted_rec_agg_matrixC_flat.txt,0.5
2021-10-29,0.086,1.3,96,Matrices_new/Mat4_NoWeekend_NoHoliday_V2_splitted_rec_agg_matrixC_flat.txt,0.5
2021-10-30,0.086,1.3,96,Matrices_new/Mat4_NoWeekend_NoHoliday_V2_splitted_rec_agg_matrixC_flat.txt,0.5
2021-10-31,0.086,1.3,96,Matrices_new/Mat4_NoWeekend_NoHoliday_V2_splitted_rec_agg_matrixC_flat.txt,0.5
2021-11-01,0.086,1.3,97,Matrices_new/Mat4_NoWeekend_NoHoliday_V2_splitted_rec_agg_matrixC_flat.txt,0.5
2021-11-02,0.086,1.3,97,Matrices_new/Mat4_NoWeekend_NoHoliday_V2_splitted_rec_agg_matrixC_flat.txt,0.5
2021-11-03,0.086,1.3,97,Matrices_new/Mat4_NoWeekend_NoHoliday_V2_splitted_rec_agg_matrixC_flat.txt,0.5
2021-11-04,0.086,1.3,97,Matrices_new/Mat4_NoWeekend_NoHoliday_V2_splitted_rec_agg_matrixC_flat.txt,0.5
2021-11-05,0.086,1.3,97,Matrices_new/Mat4_NoWeekend_NoHoliday_V2_splitted_rec_agg_matrixC_flat.txt,0.5
2021-11-06,0.086,1.3,97,Matrices_new/Mat4_NoWeekend_NoHoliday_V2_splitted_rec_agg_matrixC_flat.txt,0.5
2021-11-07,0.086,1.3,97,Matrices_new/Mat4_NoWeekend_NoHoliday_V2_splitted_rec_agg_matrixC_flat.txt,0.5
2021-11-08,0.086,0.88,98,Matrices_new/Mat5_NoWeekend_NoHoliday_V2_splitted_rec_agg_matrixC_flat.txt,0.5
2021-11-09,0.086,0.88,98,Matrices_new/Mat5_NoWeekend_NoHoliday_V2_splitted_rec_agg_matrixC_flat.txt,0.5
2021-11-10,0.086,0.88,98,Matrices_new/Mat5_NoWeekend_NoHoliday_V2_splitted_rec_agg_matrixC_flat.txt,0.5
2021-11-11,0.086,0.88,98,Matrices_new/Mat5_NoWeekend_NoHoliday_V2_splitted_rec_agg_matrixC_flat.txt,0.5
2021-11-12,0.086,0.88,98,Matrices_new/Mat5_NoWeekend_NoHoliday_V2_splitted_rec_agg_matrixC_flat.txt,0.5
2021-11-13,0.086,0.88,98,Matrices_new/Mat5_NoWeekend_NoHoliday_V2_splitted_rec_agg_matrixC_flat.txt,0.5
2021-11-14,0.086,0.88,98,Matrices_new/Mat5_NoWeekend_NoHoliday_V2_splitted_rec_agg_matrixC_flat.txt,0.5
2021-11-15,0.086,0.88,99,Matrices_new/Mat5_NoWeekend_NoHoliday_V2_splitted_rec_agg_matrixC_flat.txt,0.5
2021-11-16,0.086,0.88,99,Matrices_new/Mat5_NoWeekend_NoHoliday_V2_splitted_rec_agg_matrixC_flat.txt,0.5
2021-11-17,0.086,0.88,99,Matrices_new/Mat5_NoWeekend_NoHoliday_V2_splitted_rec_agg_matrixC_flat.txt,0.5
2021-11-18,0.086,0.88,99,Matrices_new/Mat5_NoWeekend_NoHoliday_V2_splitted_rec_agg_matrixC_flat.txt,0.5
2021-11-19,0.086,0.88,99,Matrices_new/Mat5_NoWeekend_NoHoliday_V2_splitted_rec_agg_matrixC_flat.txt,0.5
2021-11-20,0.086,0.88,99,Matrices_new/Mat5_NoWeekend_NoHoliday_V2_splitted_rec_agg_matrixC_flat.txt,0.5
2021-11-21,0.086,0.88,99,Matrices_new/Mat5_NoWeekend_NoHoliday_V2_splitted_rec_agg_matrixC_flat.txt,0.5
2021-11-22,0.086,0.88,100,Matrices_new/Mat5_NoWeekend_NoHoliday_V2_splitted_rec_agg_matrixC_flat.txt,0.5
2021-11-23,0.086,0.88,100,Matrices_new/Mat5_NoWeekend_NoHoliday_V2_splitted_rec_agg_matrixC_flat.txt,0.5
2021-11-24,0.086,0.88,100,Matrices_new/Mat5_NoWeekend_NoHoliday_V2_splitted_rec_agg_matrixC_flat.txt,0.5
2021-11-25,0.086,0.88,100,Matrices_new/Mat5_NoWeekend_NoHoliday_V2_splitted_rec_agg_matrixC_flat.txt,0.5
2021-11-26,0.086,0.88,100,Matrices_new/Mat5_NoWeekend_NoHoliday_V2_splitted_rec_agg_matrixC_flat.txt,0.5
2021-11-27,0.086,0.88,100,Matrices_new/Mat5_NoWeekend_NoHoliday_V2_splitted_rec_agg_matrixC_flat.txt,0.5
2021-11-28,0.086,0.88,100,Matrices_new/Mat5_NoWeekend_NoHoliday_V2_splitted_rec_agg_matrixC_flat.txt,0.5
2021-11-29,0.086,0.63,101,Matrices_new/Mat5_NoWeekend_NoHoliday_V2_splitted_rec_agg_matrixC_flat.txt,0.5
2021-11-30,0.086,0.63,101,Matrices_new/Mat5_NoWeekend_NoHoliday_V2_splitted_rec_agg_matrixC_flat.txt,0.5
2021-12-01,0.086,0.63,101,Matrices_new/Mat5_NoWeekend_NoHoliday_V2_splitted_rec_agg_matrixC_flat.txt,0.5
2021-12-02,0.086,0.63,101,Matrices_new/Mat5_NoWeekend_NoHoliday_V2_splitted_rec_agg_matrixC_flat.txt,0.5
2021-12-03,0.086,0.63,101,Matrices_new/Mat5_NoWeekend_NoHoliday_V2_splitted_rec_agg_matrixC_flat.txt,0.5
2021-12-04,0.086,0.63,101,Matrices_new/Mat5_NoWeekend_NoHoliday_V2_splitted_rec_agg_matrixC_flat.txt,0.5
2021-12-05,0.086,0.63,101,Matrices_new/Mat5_NoWeekend_NoHoliday_V2_splitted_rec_agg_matrixC_flat.txt,0.5
2021-12-06,0.086,0.63,102,Matrices_new/Mat5_NoWeekend_NoHoliday_V2_splitted_rec_agg_matrixC_flat.txt,0.5
2021-12-07,0.086,0.63,102,Matrices_new/Mat5_NoWeekend_NoHoliday_V2_splitted_rec_agg_matrixC_flat.txt,0.5
2021-12-08,0.086,0.63,102,Matrices_new/Mat5_NoWeekend_NoHoliday_V2_splitted_rec_agg_matrixC_flat.txt,0.5
2021-12-09,0.086,0.63,102,Matrices_new/Mat5_NoWeekend_NoHoliday_V2_splitted_rec_agg_matrixC_flat.txt,0.5
2021-12-10,0.086,0.63,102,Matrices_new/Mat5_NoWeekend_NoHoliday_V2_splitted_rec_agg_matrixC_flat.txt,0.5
2021-12-11,0.086,0.63,102,Matrices_new/Mat5_NoWeekend_NoHoliday_V2_splitted_rec_agg_matrixC_flat.txt,0.5
2021-12-12,0.086,0.63,102,Matrices_new/Mat5_NoWeekend_NoHoliday_V2_splitted_rec_agg_matrixC_flat.txt,0.5
2021-12-13,0.086,0.63,103,Matrices_new/Mat5_NoWeekend_NoHoliday_V2_splitted_rec_agg_matrixC_flat.txt,0.5
2021-12-14,0.086,0.63,103,Matrices_new/Mat5_NoWeekend_NoHoliday_V2_splitted_rec_agg_matrixC_flat.txt,0.5
2021-12-15,0.086,0.63,103,Matrices_new/Mat5_NoWeekend_NoHoliday_V2_splitted_rec_agg_matrixC_flat.txt,0.5
2021-12-16,0.086,0.63,103,Matrices_new/Mat5_NoWeekend_NoHoliday_V2_splitted_rec_agg_matrixC_flat.txt,0.5
2021-12-17,0.086,0.63,103,Matrices_new/Mat5_NoWeekend_NoHoliday_V2_splitted_rec_agg_matrixC_flat.txt,0.5
2021-12-18,0.086,0.63,103,Matrices_new/Mat5_NoWeekend_NoHoliday_V2_splitted_rec_agg_matrixC_flat.txt,0.5
2021-12-19,0.086,0.63,103,Matrices_new/Mat5_NoWeekend_NoHoliday_V2_splitted_rec_agg_matrixC_flat.txt,0.5
2021-12-20,0.086,1.09,104,Matrices_new/Mat4_NoWeekend_NoHoliday_V2_splitted_rec_agg_matrixC_flat.txt,0.5
2021-12-21,0.086,1.09,104,Matrices_new/Mat4_NoWeekend_NoHoliday_V2_splitted_rec_agg_matrixC_flat.txt,0.5
2021-12-22,0.086,1.09,104,Matrices_new/Mat4_NoWeekend_NoHoliday_V2_splitted_rec_agg_matrixC_flat.txt,0.5
2021-12-23,0.086,1.09,104,Matrices_new/Mat4_NoWeekend_NoHoliday_V2_splitted_rec_agg_matrixC_flat.txt,0.5
2021-12-24,0.086,1.09,104,Matrices_new/Mat4_NoWeekend_NoHoliday_V2_splitted_rec_agg_matrixC_flat.txt,0.5
2021-12-25,0.086,1.09,104,Matrices_new/Mat4_NoWeekend_NoHoliday_V2_splitted_rec_agg_matrixC_flat.txt,0.5
2021-12-26,0.086,1.09,104,Matrices_new/Mat4_NoWeekend_NoHoliday_V2_splitted_rec_agg_matrixC_flat.txt,0.5
2021-12-27,0.086,1.09,105,Matrices_new/Mat4_NoWeekend_NoHoliday_V2_splitted_rec_agg_matrixC_flat.txt,0.5
2021-12-28,0.086,1.09,105,Matrices_new/Mat4_NoWeekend_NoHoliday_V2_splitted_rec_agg_matrixC_flat.txt,0.5
2021-12-29,0.086,1.09,105,Matrices_new/Mat4_NoWeekend_NoHoliday_V2_splitted_rec_agg_matrixC_flat.txt,0.5
2021-12-30,0.086,1.09,105,Matrices_new/Mat4_NoWeekend_NoHoliday_V2_splitted_rec_agg_matrixC_flat.txt,0.5
2021-12-31,0.086,1.09,105,Matrices_new/Mat4_NoWeekend_NoHoliday_V2_splitted_rec_agg_matrixC_flat.txt,0.5
2022-01-01,0.086,1.09,105,Matrices_new/Mat4_NoWeekend_NoHoliday_V2_splitted_rec_agg_matrixC_flat.txt,0.5
2022-01-02,0.086,1.09,105,Matrices_new/Mat4_NoWeekend_NoHoliday_V2_splitted_rec_agg_matrixC_flat.txt,0.5
2022-01-03,0.086,0.46,106,Matrices_new/Mat5_NoWeekend_NoHoliday_V2_splitted_rec_agg_matrixC_flat.txt,0.5
2022-01-04,0.086,0.46,106,Matrices_new/Mat5_NoWeekend_NoHoliday_V2_splitted_rec_agg_matrixC_flat.txt,0.5
2022-01-05,0.086,0.46,106,Matrices_new/Mat5_NoWeekend_NoHoliday_V2_splitted_rec_agg_matrixC_flat.txt,0.5
2022-01-06,0.086,0.46,106,Matrices_new/Mat5_NoWeekend_NoHoliday_V2_splitted_rec_agg_matrixC_flat.txt,0.5
2022-01-07,0.086,0.46,106,Matrices_new/Mat5_NoWeekend_NoHoliday_V2_splitted_rec_agg_matrixC_flat.txt,0.5
2022-01-08,0.086,0.46,106,Matrices_new/Mat5_NoWeekend_NoHoliday_V2_splitted_rec_agg_matrixC_flat.txt,0.5
2022-01-09,0.086,0.46,106,Matrices_new/Mat5_NoWeekend_NoHoliday_V2_splitted_rec_agg_matrixC_flat.txt,0.5
2022-01-10,0.086,0.46,107,Matrices_new/Mat5_NoWeekend_NoHoliday_V2_splitted_rec_agg_matrixC_flat.txt,0.5
2022-01-11,0.086,0.46,107,Matrices_new/Mat5_NoWeekend_NoHoliday_V2_splitted_rec_agg_matrixC_flat.txt,0.5
2022-01-12,0.086,0.46,107,Matrices_new/Mat5_NoWeekend_NoHoliday_V2_splitted_rec_agg_matrixC_flat.txt,0.5
2022-01-13,0.086,0.46,107,Matrices_new/Mat5_NoWeekend_NoHoliday_V2_splitted_rec_agg_matrixC_flat.txt,0.5
2022-01-14,0.086,0.46,107,Matrices_new/Mat5_NoWeekend_NoHoliday_V2_splitted_rec_agg_matrixC_flat.txt,0.5
2022-01-15,0.086,0.46,107,Matrices_new/Mat5_NoWeekend_NoHoliday_V2_splitted_rec_agg_matrixC_flat.txt,0.5
2022-01-16,0.086,0.46,107,Matrices_new/Mat5_NoWeekend_NoHoliday_V2_splitted_rec_agg_matrixC_flat.txt,0.5
2022-01-17,0.086,0.46,108,Matrices_new/Mat5_NoWeekend_NoHoliday_V2_splitted_rec_agg_matrixC_flat.txt,0.5
2022-01-18,0.086,0.46,108,Matrices_new/Mat5_NoWeekend_NoHoliday_V2_splitted_rec_agg_matrixC_flat.txt,0.5
2022-01-19,0.086,0.46,108,Matrices_new/Mat5_NoWeekend_NoHoliday_V2_splitted_rec_agg_matrixC_flat.txt,0.5
2022-01-20,0.086,0.46,108,Matrices_new/Mat5_NoWeekend_NoHoliday_V2_splitted_rec_agg_matrixC_flat.txt,0.5
2022-01-21,0.086,0.46,108,Matrices_new/Mat5_NoWeekend_NoHoliday_V2_splitted_rec_agg_matrixC_flat.txt,0.5
2022-01-22,0.086,0.46,108,Matrices_new/Mat5_NoWeekend_NoHoliday_V2_splitted_rec_agg_matrixC_flat.txt,0.5
2022-01-23,0.086,0.46,108,Matrices_new/Mat5_NoWeekend_NoHoliday_V2_splitted_rec_agg_matrixC_flat.txt,0.5
2022-01-24,0.086,0.67,109,Matrices_new/Mat5_NoWeekend_NoHoliday_V2_splitted_rec_agg_matrixC_flat.txt,0.5
2022-01-25,0.086,0.67,109,Matrices_new/Mat5_NoWeekend_NoHoliday_V2_splitted_rec_agg_matrixC_flat.txt,0.5
2022-01-26,0.086,0.67,109,Matrices_new/Mat5_NoWeekend_NoHoliday_V2_splitted_rec_agg_matrixC_flat.txt,0.5
2022-01-27,0.086,0.67,109,Matrices_new/Mat5_NoWeekend_NoHoliday_V2_splitted_rec_agg_matrixC_flat.txt,0.5
2022-01-28,0.086,0.67,109,Matrices_new/Mat5_NoWeekend_NoHoliday_V2_splitted_rec_agg_matrixC_flat.txt,0.5
2022-01-29,0.086,0.67,109,Matrices_new/Mat5_NoWeekend_NoHoliday_V2_splitted_rec_agg_matrixC_flat.txt,0.5
2022-01-30,0.086,0.67,109,Matrices_new/Mat5_NoWeekend_NoHoliday_V2_splitted_rec_agg_matrixC_flat.txt,0.5
2022-01-31,0.086,0.67,110,Matrices_new/Mat5_NoWeekend_NoHoliday_V2_splitted_rec_agg_matrixC_flat.txt,0.5
2022-02-01,0.086,0.67,110,Matrices_new/Mat5_NoWeekend_NoHoliday_V2_splitted_rec_agg_matrixC_flat.txt,0.5
2022-02-02,0.086,0.67,110,Matrices_new/Mat5_NoWeekend_NoHoliday_V2_splitted_rec_agg_matrixC_flat.txt,0.5
2022-02-03,0.086,0.67,110,Matrices_new/Mat5_NoWeekend_NoHoliday_V2_splitted_rec_agg_matrixC_flat.txt,0.5
2022-02-04,0.086,0.67,110,Matrices_new/Mat5_NoWeekend_NoHoliday_V2_splitted_rec_agg_matrixC_flat.txt,0.5
2022-02-05,0.086,0.67,110,Matrices_new/Mat5_NoWeekend_NoHoliday_V2_splitted_rec_agg_matrixC_flat.txt,0.5
2022-02-06,0.086,0.67,110,Matrices_new/Mat5_NoWeekend_NoHoliday_V2_splitted_rec_agg_matrixC_flat.txt,0.5
2022-02-07,0.086,0.99,111,Matrices_new/Mat4_NoWeekend_NoHoliday_V2_splitted_rec_agg_matrixC_flat.txt,0.5
2022-02-08,0.086,0.99,111,Matrices_new/Mat4_NoWeekend_NoHoliday_V2_splitted_rec_agg_matrixC_flat.txt,0.5
2022-02-09,0.086,0.99,111,Matrices_new/Mat4_NoWeekend_NoHoliday_V2_splitted_rec_agg_matrixC_flat.txt,0.5
2022-02-10,0.086,0.99,111,Matrices_new/Mat4_NoWeekend_NoHoliday_V2_splitted_rec_agg_matrixC_flat.txt,0.5
2022-02-11,0.086,0.99,111,Matrices_new/Mat4_NoWeekend_NoHoliday_V2_splitted_rec_agg_matrixC_flat.txt,0.5
2022-02-12,0.086,0.99,111,Matrices_new/Mat4_NoWeekend_NoHoliday_V2_splitted_rec_agg_matrixC_flat.txt,0.5
2022-02-13,0.086,0.99,111,Matrices_new/Mat4_NoWeekend_NoHoliday_V2_splitted_rec_agg_matrixC_flat.txt,0.5
2022-02-14,0.086,0.99,112,Matrices_new/Mat4_NoWeekend_NoHoliday_V2_splitted_rec_agg_matrixC_flat.txt,0.5
2022-02-15,0.086,0.99,112,Matrices_new/Mat4_NoWeekend_NoHoliday_V2_splitted_rec_agg_matrixC_flat.txt,0.5
2022-02-16,0.086,0.99,112,Matrices_new/Mat4_NoWeekend_NoHoliday_V2_splitted_rec_agg_matrixC_flat.txt,0.5
2022-02-17,0.086,0.99,112,Matrices_new/Mat4_NoWeekend_NoHoliday_V2_splitted_rec_agg_matrixC_flat.txt,0.5
2022-02-18,0.086,0.99,112,Matrices_new/Mat4_NoWeekend_NoHoliday_V2_splitted_rec_agg_matrixC_flat.txt,0.5
2022-02-19,0.086,0.99,112,Matrices_new/Mat4_NoWeekend_NoHoliday_V2_splitted_rec_agg_matrixC_flat.txt,0.5
2022-02-20,0.086,0.99,112,Matrices_new/Mat4_NoWeekend_NoHoliday_V2_splitted_rec_agg_matrixC_flat.txt,0.5
2022-02-21,0.086,0.99,113,Matrices_new/Mat4_NoWeekend_NoHoliday_V2_splitted_rec_agg_matrixC_flat.txt,0.5
2022-02-22,0.086,0.99,113,Matrices_new/Mat4_NoWeekend_NoHoliday_V2_splitted_rec_agg_matrixC_flat.txt,0.5
2022-02-23,0.086,0.99,113,Matrices_new/Mat4_NoWeekend_NoHoliday_V2_splitted_rec_agg_matrixC_flat.txt,0.5
2022-02-24,0.086,0.99,113,Matrices_new/Mat4_NoWeekend_NoHoliday_V2_splitted_rec_agg_matrixC_flat.txt,0.5
2022-02-25,0.086,0.99,113,Matrices_new/Mat4_NoWeekend_NoHoliday_V2_splitted_rec_agg_matrixC_flat.txt,0.5
2022-02-26,0.086,0.99,113,Matrices_new/Mat4_NoWeekend_NoHoliday_V2_splitted_rec_agg_matrixC_flat.txt,0.5
2022-02-27,0.086,0.99,113,Matrices_new/Mat4_NoWeekend_NoHoliday_V2_splitted_rec_agg_matrixC_flat.txt,0.5
2022-02-28,0.086,0.99,114,Matrices_new/Mat4_NoWeekend_NoHoliday_V2_splitted_rec_agg_matrixC_flat.txt,0.5
2022-03-01,0.086,0.99,114,Matrices_new/Mat4_NoWeekend_NoHoliday_V2_splitted_rec_agg_matrixC_flat.txt,0.5
2022-03-02,0.086,0.99,114,Matrices_new/Mat4_NoWeekend_NoHoliday_V2_splitted_rec_agg_matrixC_flat.txt,0.5
2022-03-03,0.086,0.99,114,Matrices_new/Mat4_NoWeekend_NoHoliday_V2_splitted_rec_agg_matrixC_flat.txt,0.5
2022-03-04,0.086,0.99,114,Matrices_new/Mat4_NoWeekend_NoHoliday_V2_splitted_rec_agg_matrixC_flat.txt,0.5
2022-03-05,0.086,0.99,114,Matrices_new/Mat4_NoWeekend_NoHoliday_V2_splitted_rec_agg_matrixC_flat.txt,0.5
2022-03-06,0.086,0.99,114,Matrices_new/Mat4_NoWeekend_NoHoliday_V2_splitted_rec_agg_matrixC_flat.txt,0.5
2022-03-07,0.086,0.92,115,Matrices_new/Mat6_NoWeekend_NoHoliday_V2_splitted_rec_agg_matrixC_flat.txt,0.5
2022-03-08,0.086,0.92,115,Matrices_new/Mat6_NoWeekend_NoHoliday_V2_splitted_rec_agg_matrixC_flat.txt,0.5
2022-03-09,0.086,0.92,115,Matrices_new/Mat6_NoWeekend_NoHoliday_V2_splitted_rec_agg_matrixC_flat.txt,0.5
2022-03-10,0.086,0.92,115,Matrices_new/Mat6_NoWeekend_NoHoliday_V2_splitted_rec_agg_matrixC_flat.txt,0.5
2022-03-11,0.086,0.92,115,Matrices_new/Mat6_NoWeekend_NoHoliday_V2_splitted_rec_agg_matrixC_flat.txt,0.5
2022-03-12,0.086,0.92,115,Matrices_new/Mat6_NoWeekend_NoHoliday_V2_splitted_rec_agg_matrixC_flat.txt,0.5
2022-03-13,0.086,0.92,115,Matrices_new/Mat6_NoWeekend_NoHoliday_V2_splitted_rec_agg_matrixC_flat.txt,0.5
2022-03-14,0.086,0.92,116,Matrices_new/Mat6_NoWeekend_NoHoliday_V2_splitted_rec_agg_matrixC_flat.txt,0.5
2022-03-15,0.086,0.92,116,Matrices_new/Mat6_NoWeekend_NoHoliday_V2_splitted_rec_agg_matrixC_flat.txt,0.5
2022-03-16,0.086,0.92,116,Matrices_new/Mat6_NoWeekend_NoHoliday_V2_splitted_rec_agg_matrixC_flat.txt,0.5
2022-03-17,0.086,0.92,116,Matrices_new/Mat6_NoWeekend_NoHoliday_V2_splitted_rec_agg_matrixC_flat.txt,0.5
2022-03-18,0.086,0.92,116,Matrices_new/Mat6_NoWeekend_NoHoliday_V2_splitted_rec_agg_matrixC_flat.txt,0.5
2022-03-19,0.086,0.92,116,Matrices_new/Mat6_NoWeekend_NoHoliday_V2_splitted_rec_agg_matrixC_flat.txt,0.5
2022-03-20,0.086,0.92,116,Matrices_new/Mat6_NoWeekend_NoHoliday_V2_splitted_rec_agg_matrixC_flat.txt,0.5
2022-03-21,0.086,0.66,117,Matrices_new/Mat6_NoWeekend_NoHoliday_V2_splitted_rec_agg_matrixC_flat.txt,0.5
2022-03-22,0.086,0.66,117,Matrices_new/Mat6_NoWeekend_NoHoliday_V2_splitted_rec_agg_matrixC_flat.txt,0.5
2022-03-23,0.086,0.66,117,Matrices_new/Mat6_NoWeekend_NoHoliday_V2_splitted_rec_agg_matrixC_flat.txt,0.5
2022-03-24,0.086,0.66,117,Matrices_new/Mat6_NoWeekend_NoHoliday_V2_splitted_rec_agg_matrixC_flat.txt,0.5
2022-03-25,0.086,0.66,117,Matrices_new/Mat6_NoWeekend_NoHoliday_V2_splitted_rec_agg_matrixC_flat.txt,0.5
2022-03-26,0.086,0.66,117,Matrices_new/Mat6_NoWeekend_NoHoliday_V2_splitted_rec_agg_matrixC_flat.txt,0.5
2022-03-27,0.086,0.66,117,Matrices_new/Mat6_NoWeekend_NoHoliday_V2_splitted_rec_agg_matrixC_flat.txt,0.5
2022-03-28,0.086,0.66,118,Matrices_new/Mat6_NoWeekend_NoHoliday_V2_splitted_rec_agg_matrixC_flat.txt,0.5
2022-03-29,0.086,0.66,118,Matrices_new/Mat6_NoWeekend_NoHoliday_V2_splitted_rec_agg_matrixC_flat.txt,0.5
2022-03-30,0.086,0.66,118,Matrices_new/Mat6_NoWeekend_NoHoliday_V2_splitted_rec_agg_matrixC_flat.txt,0.5
2022-03-31,0.086,0.66,118,Matrices_new/Mat6_NoWeekend_NoHoliday_V2_splitted_rec_agg_matrixC_flat.txt,0.5
2022-04-01,0.086,0.66,118,Matrices_new/Mat6_NoWeekend_NoHoliday_V2_splitted_rec_agg_matrixC_flat.txt,0.5
2022-04-02,0.086,0.66,118,Matrices_new/Mat6_NoWeekend_NoHoliday_V2_splitted_rec_agg_matrixC_flat.txt,0.5
2022-04-03,0.086,0.66,118,Matrices_new/Mat6_NoWeekend_NoHoliday_V2_splitted_rec_agg_matrixC_flat.txt,0.5
2022-04-04,0.086,0.66,119,Matrices_new/Mat6_NoWeekend_NoHoliday_V2_splitted_rec_agg_matrixC_flat.txt,0.5
2022-04-05,0.086,0.66,119,Matrices_new/Mat6_NoWeekend_NoHoliday_V2_splitted_rec_agg_matrixC_flat.txt,0.5
2022-04-06,0.086,0.66,119,Matrices_new/Mat6_NoWeekend_NoHoliday_V2_splitted_rec_agg_matrixC_flat.txt,0.5
2022-04-07,0.086,0.66,119,Matrices_new/Mat6_NoWeekend_NoHoliday_V2_splitted_rec_agg_matrixC_flat.txt,0.5
2022-04-08,0.086,0.66,119,Matrices_new/Mat6_NoWeekend_NoHoliday_V2_splitted_rec_agg_matrixC_flat.txt,0.5
2022-04-09,0.086,0.66,119,Matrices_new/Mat6_NoWeekend_NoHoliday_V2_splitted_rec_agg_matrixC_flat.txt,0.5
2022-04-10,0.086,0.66,119,Matrices_new/Mat6_NoWeekend_NoHoliday_V2_splitted_rec_agg_matrixC_flat.txt,0.5
2022-04-11,0.086,1.06,120,Matrices_new/Mat4_NoWeekend_NoHoliday_V2_splitted_rec_agg_matrixC_flat.txt,0.5
2022-04-12,0.086,1.06,120,Matrices_new/Mat4_NoWeekend_NoHoliday_V2_splitted_rec_agg_matrixC_flat.txt,0.5
2022-04-13,0.086,1.06,120,Matrices_new/Mat4_NoWeekend_NoHoliday_V2_splitted_rec_agg_matrixC_flat.txt,0.5
2022-04-14,0.086,1.06,120,Matrices_new/Mat4_NoWeekend_NoHoliday_V2_splitted_rec_agg_matrixC_flat.txt,0.5
2022-04-15,0.086,1.06,120,Matrices_new/Mat4_NoWeekend_NoHoliday_V2_splitted_rec_agg_matrixC_flat.txt,0.5
2022-04-16,0.086,1.06,120,Matrices_new/Mat4_NoWeekend_NoHoliday_V2_splitted_rec_agg_matrixC_flat.txt,0.5
2022-04-17,0.086,1.06,120,Matrices_new/Mat4_NoWeekend_NoHoliday_V2_splitted_rec_agg_matrixC_flat.txt,0.5
2022-04-18,0.086,1.06,121,Matrices_new/Mat4_NoWeekend_NoHoliday_V2_splitted_rec_agg_matrixC_flat.txt,0.5
2022-04-19,0.086,1.06,121,Matrices_new/Mat4_NoWeekend_NoHoliday_V2_splitted_rec_agg_matrixC_flat.txt,0.5
2022-04-20,0.086,1.06,121,Matrices_new/Mat4_NoWeekend_NoHoliday_V2_splitted_rec_agg_matrixC_flat.txt,0.5
2022-04-21,0.086,1.06,121,Matrices_new/Mat4_NoWeekend_NoHoliday_V2_splitted_rec_agg_matrixC_flat.txt,0.5
2022-04-22,0.086,1.06,121,Matrices_new/Mat4_NoWeekend_NoHoliday_V2_splitted_rec_agg_matrixC_flat.txt,0.5
2022-04-23,0.086,1.06,121,Matrices_new/Mat4_NoWeekend_NoHoliday_V2_splitted_rec_agg_matrixC_flat.txt,0.5
2022-04-24,0.086,1.06,121,Matrices_new/Mat4_NoWeekend_NoHoliday_V2_splitted_rec_agg_matrixC_flat.txt,0.5
2022-04-25,0.086,1.06,122,Matrices_new/Mat4_NoWeekend_NoHoliday_V2_splitted_rec_agg_matrixC_flat.txt,0.5
2022-04-26,0.086,1.06,122,Matrices_new/Mat4_NoWeekend_NoHoliday_V2_splitted_rec_agg_matrixC_flat.txt,0.5
2022-04-27,0.086,1.06,122,Matrices_new/Mat4_NoWeekend_NoHoliday_V2_splitted_rec_agg_matrixC_flat.txt,0.5
2022-04-28,0.086,1.06,122,Matrices_new/Mat4_NoWeekend_NoHoliday_V2_splitted_rec_agg_matrixC_flat.txt,0.5
2022-04-29,0.086,1.06,122,Matrices_new/Mat4_NoWeekend_NoHoliday_V2_splitted_rec_agg_matrixC_flat.txt,0.5
2022-04-30,0.086,1.06,122,Matrices_new/Mat4_NoWeekend_NoHoliday_V2_splitted_rec_agg_matrixC_flat.txt,0.5
2022-05-01,0.086,1.06,122,Matrices_new/Mat4_NoWeekend_NoHoliday_V2_splitted_rec_agg_matrixC_flat.txt,0.5
2022-05-02,0.086,1.06,123,Matrices_new/Mat4_NoWeekend_NoHoliday_V2_splitted_rec_agg_matrixC_flat.txt,0.5
2022-05-03,0.086,1.06,123,Matrices_new/Mat4_NoWeekend_NoHoliday_V2_splitted_rec_agg_matrixC_flat.txt,0.5
2022-05-04,0.086,1.06,123,Matrices_new/Mat4_NoWeekend_NoHoliday_V2_splitted_rec_agg_matrixC_flat.txt,0.5
2022-05-05,0.086,1.06,123,Matrices_new/Mat4_NoWeekend_NoHoliday_V2_splitted_rec_agg_matrixC_flat.txt,0.5
2022-05-06,0.086,1.06,123,Matrices_new/Mat4_NoWeekend_NoHoliday_V2_splitted_rec_agg_matrixC_flat.txt,0.5
2022-05-07,0.086,1.06,123,Matrices_new/Mat4_NoWeekend_NoHoliday_V2_splitted_rec_agg_matrixC_flat.txt,0.5
2022-05-08,0.086,1.06,123,Matrices_new/Mat4_NoWeekend_NoHoliday_V2_splitted_rec_agg_matrixC_flat.txt,0.5
2022-05-09,0.086,0.7,124,Matrices_new/Mat6_NoWeekend_NoHoliday_V2_splitted_rec_agg_matrixC_flat.txt,0.5
2022-05-10,0.086,0.7,124,Matrices_new/Mat6_NoWeekend_NoHoliday_V2_splitted_rec_agg_matrixC_flat.txt,0.5
2022-05-11,0.086,0.7,124,Matrices_new/Mat6_NoWeekend_NoHoliday_V2_splitted_rec_agg_matrixC_flat.txt,0.5
2022-05-12,0.086,0.7,124,Matrices_new/Mat6_NoWeekend_NoHoliday_V2_splitted_rec_agg_matrixC_flat.txt,0.5
2022-05-13,0.086,0.7,124,Matrices_new/Mat6_NoWeekend_NoHoliday_V2_splitted_rec_agg_matrixC_flat.txt,0.5
2022-05-14,0.086,0.7,124,Matrices_new/Mat6_NoWeekend_NoHoliday_V2_splitted_rec_agg_matrixC_flat.txt,0.5
2022-05-15,0.086,0.7,124,Matrices_new/Mat6_NoWeekend_NoHoliday_V2_splitted_rec_agg_matrixC_flat.txt,0.5
2022-05-16,0.086,0.7,125,Matrices_new/Mat6_NoWeekend_NoHoliday_V2_splitted_rec_agg_matrixC_flat.txt,0.5
2022-05-17,0.086,0.7,125,Matrices_new/Mat6_NoWeekend_NoHoliday_V2_splitted_rec_agg_matrixC_flat.txt,0.5
2022-05-18,0.086,0.7,125,Matrices_new/Mat6_NoWeekend_NoHoliday_V2_splitted_rec_agg_matrixC_flat.txt,0.5
2022-05-19,0.086,0.7,125,Matrices_new/Mat6_NoWeekend_NoHoliday_V2_splitted_rec_agg_matrixC_flat.txt,0.5
2022-05-20,0.086,0.7,125,Matrices_new/Mat6_NoWeekend_NoHoliday_V2_splitted_rec_agg_matrixC_flat.txt,0.5
2022-05-21,0.086,0.7,125,Matrices_new/Mat6_NoWeekend_NoHoliday_V2_splitted_rec_agg_matrixC_flat.txt,0.5
2022-05-22,0.086,0.7,125,Matrices_new/Mat6_NoWeekend_NoHoliday_V2_splitted_rec_agg_matrixC_flat.txt,0.5
